catalog_id,name,category,origin,target_class,promotion_status,authority,next_requirement
authoring-level-scratch-expression,scratch expression,authoring level,thread-derived,syntax-pack/lens,catalog-only,V16 catalog,"owner classification, Feature Capsule, conformance, implementation disposition"
authoring-level-guided-relationship,guided relationship,authoring level,thread-derived,syntax-pack/lens,catalog-only,V16 catalog,"owner classification, Feature Capsule, conformance, implementation disposition"
authoring-level-named-declaration,named declaration,authoring level,thread-derived,syntax-pack/lens,catalog-only,V16 catalog,"owner classification, Feature Capsule, conformance, implementation disposition"
authoring-level-contracted-component,contracted component,authoring level,thread-derived,syntax-pack/lens,catalog-only,V16 catalog,"owner classification, Feature Capsule, conformance, implementation disposition"
authoring-level-research-programme,research programme,authoring level,thread-derived,syntax-pack/lens,catalog-only,V16 catalog,"owner classification, Feature Capsule, conformance, implementation disposition"
semantic-lane-strict-lane,strict lane,semantic lane,thread-derived,unclassified-review,catalog-only,V16 catalog,"owner classification, Feature Capsule, conformance, implementation disposition"
semantic-lane-custom-lane,custom lane,semantic lane,thread-derived,unclassified-review,catalog-only,V16 catalog,"owner classification, Feature Capsule, conformance, implementation disposition"
semantic-lane-semantic-genesis-lane,Semantic Genesis lane,semantic lane,thread-derived,unclassified-review,catalog-only,V16 catalog,"owner classification, Feature Capsule, conformance, implementation disposition"
execution-lane-reference-lane,reference lane,execution lane,thread-derived,unclassified-review,catalog-only,V16 catalog,"owner classification, Feature Capsule, conformance, implementation disposition"
execution-lane-specialized-lane,specialized lane,execution lane,thread-derived,unclassified-review,catalog-only,V16 catalog,"owner classification, Feature Capsule, conformance, implementation disposition"
declaration-kind-function,function,declaration kind,thread-derived,kind,prototype-specified,V19 prototype capsule,"owner classification, Feature Capsule, conformance, implementation disposition"
declaration-kind-policy,policy,declaration kind,thread-derived,kind,prototype-specified,V19 prototype capsule,"owner classification, Feature Capsule, conformance, implementation disposition"
declaration-kind-model,model,declaration kind,thread-derived,kind,prototype-specified,V19 prototype capsule,"owner classification, Feature Capsule, conformance, implementation disposition"
declaration-kind-claim,claim,declaration kind,thread-derived,kind,catalog-only,V16 catalog,"owner classification, Feature Capsule, conformance, implementation disposition"
declaration-kind-theorem,theorem,declaration kind,thread-derived,kind,catalog-only,V16 catalog,"owner classification, Feature Capsule, conformance, implementation disposition"
declaration-kind-conjecture,conjecture,declaration kind,thread-derived,kind,catalog-only,V16 catalog,"owner classification, Feature Capsule, conformance, implementation disposition"
declaration-kind-axiom,axiom,declaration kind,thread-derived,kind,catalog-only,V16 catalog,"owner classification, Feature Capsule, conformance, implementation disposition"
declaration-kind-lemma,lemma,declaration kind,thread-derived,kind,catalog-only,V16 catalog,"owner classification, Feature Capsule, conformance, implementation disposition"
declaration-kind-definition,definition,declaration kind,thread-derived,kind,catalog-only,V16 catalog,"owner classification, Feature Capsule, conformance, implementation disposition"
declaration-kind-relation,relation,declaration kind,thread-derived,kind,catalog-only,V16 catalog,"owner classification, Feature Capsule, conformance, implementation disposition"
declaration-kind-type,type,declaration kind,thread-derived,kind,catalog-only,V16 catalog,"owner classification, Feature Capsule, conformance, implementation disposition"
declaration-kind-structure,structure,declaration kind,thread-derived,kind,catalog-only,V16 catalog,"owner classification, Feature Capsule, conformance, implementation disposition"
declaration-kind-experiment,experiment,declaration kind,thread-derived,kind,catalog-only,V16 catalog,"owner classification, Feature Capsule, conformance, implementation disposition"
declaration-kind-custom,custom,declaration kind,thread-derived,kind,prototype-specified,V19 prototype capsule,"owner classification, Feature Capsule, conformance, implementation disposition"
declaration-kind-world,world,declaration kind,thread-derived,kind,prototype-specified,V19 prototype capsule,"owner classification, Feature Capsule, conformance, implementation disposition"
declaration-kind-capability,capability,declaration kind,thread-derived,kind,prototype-specified,V19 prototype capsule,"owner classification, Feature Capsule, conformance, implementation disposition"
declaration-kind-theory,theory,declaration kind,thread-derived,kind,prototype-specified,V19 prototype capsule,"owner classification, Feature Capsule, conformance, implementation disposition"
declaration-kind-model-instance,model instance,declaration kind,thread-derived,kind,catalog-only,V16 catalog,"owner classification, Feature Capsule, conformance, implementation disposition"
declaration-kind-morphism,morphism,declaration kind,thread-derived,kind,catalog-only,V16 catalog,"owner classification, Feature Capsule, conformance, implementation disposition"
declaration-kind-family,family,declaration kind,thread-derived,kind,prototype-specified,V19 prototype capsule,"owner classification, Feature Capsule, conformance, implementation disposition"
declaration-kind-algorithm,algorithm,declaration kind,thread-derived,kind,catalog-only,V16 catalog,"owner classification, Feature Capsule, conformance, implementation disposition"
declaration-kind-method,method,declaration kind,thread-derived,kind,prototype-specified,V19 prototype capsule,"owner classification, Feature Capsule, conformance, implementation disposition"
declaration-kind-provider-binding,provider binding,declaration kind,thread-derived,kind,catalog-only,V16 catalog,"owner classification, Feature Capsule, conformance, implementation disposition"
declaration-kind-artifact,artifact,declaration kind,thread-derived,kind,catalog-only,V16 catalog,"owner classification, Feature Capsule, conformance, implementation disposition"
declaration-kind-genome,genome,declaration kind,thread-derived,kind,catalog-only,V16 catalog,"owner classification, Feature Capsule, conformance, implementation disposition"
declaration-kind-notation,notation,declaration kind,thread-derived,kind,catalog-only,V16 catalog,"owner classification, Feature Capsule, conformance, implementation disposition"
declaration-kind-package,package,declaration kind,thread-derived,kind,catalog-only,V16 catalog,"owner classification, Feature Capsule, conformance, implementation disposition"
declaration-kind-library,library,declaration kind,thread-derived,kind,catalog-only,V16 catalog,"owner classification, Feature Capsule, conformance, implementation disposition"
declaration-kind-challenge,challenge,declaration kind,thread-derived,kind,catalog-only,V16 catalog,"owner classification, Feature Capsule, conformance, implementation disposition"
declaration-kind-game,game,declaration kind,thread-derived,kind,catalog-only,V16 catalog,"owner classification, Feature Capsule, conformance, implementation disposition"
declaration-kind-hidden-system,hidden system,declaration kind,thread-derived,kind,catalog-only,V16 catalog,"owner classification, Feature Capsule, conformance, implementation disposition"
declaration-kind-cipher,cipher,declaration kind,thread-derived,kind,prototype-specified,V19 prototype capsule,"owner classification, Feature Capsule, conformance, implementation disposition"
declaration-kind-cryptosystem,cryptosystem,declaration kind,thread-derived,kind,catalog-only,V16 catalog,"owner classification, Feature Capsule, conformance, implementation disposition"
declaration-kind-hash,hash,declaration kind,thread-derived,kind,catalog-only,V16 catalog,"owner classification, Feature Capsule, conformance, implementation disposition"
declaration-kind-mac,MAC,declaration kind,thread-derived,kind,catalog-only,V16 catalog,"owner classification, Feature Capsule, conformance, implementation disposition"
declaration-kind-signature,signature,declaration kind,thread-derived,kind,catalog-only,V16 catalog,"owner classification, Feature Capsule, conformance, implementation disposition"
declaration-kind-kem,KEM,declaration kind,thread-derived,kind,catalog-only,V16 catalog,"owner classification, Feature Capsule, conformance, implementation disposition"
declaration-kind-code,code,declaration kind,thread-derived,kind,prototype-specified,V19 prototype capsule,"owner classification, Feature Capsule, conformance, implementation disposition"
declaration-kind-protocol,protocol,declaration kind,thread-derived,kind,prototype-specified,V19 prototype capsule,"owner classification, Feature Capsule, conformance, implementation disposition"
declaration-kind-puzzle,puzzle,declaration kind,thread-derived,kind,prototype-specified,V19 prototype capsule,"owner classification, Feature Capsule, conformance, implementation disposition"
declaration-kind-commitment,commitment,declaration kind,thread-derived,kind,catalog-only,V16 catalog,"owner classification, Feature Capsule, conformance, implementation disposition"
declaration-kind-secret-sharing,secret sharing,declaration kind,thread-derived,kind,catalog-only,V16 catalog,"owner classification, Feature Capsule, conformance, implementation disposition"
declaration-kind-zero-knowledge,zero knowledge,declaration kind,thread-derived,kind,catalog-only,V16 catalog,"owner classification, Feature Capsule, conformance, implementation disposition"
declaration-kind-stegosystem,stegosystem,declaration kind,thread-derived,kind,catalog-only,V16 catalog,"owner classification, Feature Capsule, conformance, implementation disposition"
declaration-kind-attack-model,attack model,declaration kind,thread-derived,kind,catalog-only,V16 catalog,"owner classification, Feature Capsule, conformance, implementation disposition"
declaration-kind-tokenizer,tokenizer,declaration kind,thread-derived,kind,catalog-only,V16 catalog,"owner classification, Feature Capsule, conformance, implementation disposition"
declaration-kind-corpus,corpus,declaration kind,thread-derived,kind,catalog-only,V16 catalog,"owner classification, Feature Capsule, conformance, implementation disposition"
declaration-kind-language-model,language model,declaration kind,thread-derived,kind,catalog-only,V16 catalog,"owner classification, Feature Capsule, conformance, implementation disposition"
declaration-kind-objective,objective,declaration kind,thread-derived,kind,catalog-only,V16 catalog,"owner classification, Feature Capsule, conformance, implementation disposition"
declaration-kind-training,training,declaration kind,thread-derived,kind,catalog-only,V16 catalog,"owner classification, Feature Capsule, conformance, implementation disposition"
declaration-kind-checkpoint-policy,checkpoint policy,declaration kind,thread-derived,kind,catalog-only,V16 catalog,"owner classification, Feature Capsule, conformance, implementation disposition"
declaration-kind-posttraining,posttraining,declaration kind,thread-derived,kind,catalog-only,V16 catalog,"owner classification, Feature Capsule, conformance, implementation disposition"
declaration-kind-evaluation,evaluation,declaration kind,thread-derived,kind,catalog-only,V16 catalog,"owner classification, Feature Capsule, conformance, implementation disposition"
declaration-kind-quantization,quantization,declaration kind,thread-derived,kind,catalog-only,V16 catalog,"owner classification, Feature Capsule, conformance, implementation disposition"
declaration-kind-serving,serving,declaration kind,thread-derived,kind,catalog-only,V16 catalog,"owner classification, Feature Capsule, conformance, implementation disposition"
declaration-kind-checkpoint-transform,checkpoint transform,declaration kind,thread-derived,kind,catalog-only,V16 catalog,"owner classification, Feature Capsule, conformance, implementation disposition"
declaration-kind-foundation-model,foundation model,declaration kind,thread-derived,kind,catalog-only,V16 catalog,"owner classification, Feature Capsule, conformance, implementation disposition"
declaration-kind-hardware,hardware,declaration kind,thread-derived,kind,catalog-only,V16 catalog,"owner classification, Feature Capsule, conformance, implementation disposition"
declaration-kind-lesson,lesson,declaration kind,thread-derived,kind,catalog-only,V16 catalog,"owner classification, Feature Capsule, conformance, implementation disposition"
declaration-kind-visualization,visualization,declaration kind,thread-derived,kind,catalog-only,V16 catalog,"owner classification, Feature Capsule, conformance, implementation disposition"
declaration-kind-dataset,dataset,declaration kind,thread-derived,kind,catalog-only,V16 catalog,"owner classification, Feature Capsule, conformance, implementation disposition"
section-or-clause-about,about,section or clause,thread-derived,section,catalog-only,V16 catalog,"owner classification, Feature Capsule, conformance, implementation disposition"
section-or-clause-inputs,inputs,section or clause,thread-derived,section,prototype-specified,V19 prototype capsule,"owner classification, Feature Capsule, conformance, implementation disposition"
section-or-clause-outputs,outputs,section or clause,thread-derived,section,prototype-specified,V19 prototype capsule,"owner classification, Feature Capsule, conformance, implementation disposition"
section-or-clause-parameters,parameters,section or clause,thread-derived,section,catalog-only,V16 catalog,"owner classification, Feature Capsule, conformance, implementation disposition"
section-or-clause-state,state,section or clause,thread-derived,section,prototype-specified,V19 prototype capsule,"owner classification, Feature Capsule, conformance, implementation disposition"
section-or-clause-values,values,section or clause,thread-derived,section,catalog-only,V16 catalog,"owner classification, Feature Capsule, conformance, implementation disposition"
section-or-clause-constructors,constructors,section or clause,thread-derived,section,prototype-specified,V19 prototype capsule,"owner classification, Feature Capsule, conformance, implementation disposition"
section-or-clause-definitions,definitions,section or clause,thread-derived,section,prototype-specified,V19 prototype capsule,"owner classification, Feature Capsule, conformance, implementation disposition"
section-or-clause-equation,equation,section or clause,thread-derived,section,catalog-only,V16 catalog,"owner classification, Feature Capsule, conformance, implementation disposition"
section-or-clause-equations,equations,section or clause,thread-derived,section,prototype-specified,V19 prototype capsule,"owner classification, Feature Capsule, conformance, implementation disposition"
section-or-clause-constraints,constraints,section or clause,thread-derived,section,prototype-specified,V19 prototype capsule,"owner classification, Feature Capsule, conformance, implementation disposition"
section-or-clause-assumptions,assumptions,section or clause,thread-derived,section,catalog-only,V16 catalog,"owner classification, Feature Capsule, conformance, implementation disposition"
section-or-clause-given,given,section or clause,thread-derived,section,catalog-only,V16 catalog,"owner classification, Feature Capsule, conformance, implementation disposition"
section-or-clause-require,require,section or clause,thread-derived,section,catalog-only,V16 catalog,"owner classification, Feature Capsule, conformance, implementation disposition"
section-or-clause-ensure,ensure,section or clause,thread-derived,section,catalog-only,V16 catalog,"owner classification, Feature Capsule, conformance, implementation disposition"
section-or-clause-invariants,invariants,section or clause,thread-derived,section,catalog-only,V16 catalog,"owner classification, Feature Capsule, conformance, implementation disposition"
section-or-clause-laws,laws,section or clause,thread-derived,section,catalog-only,V16 catalog,"owner classification, Feature Capsule, conformance, implementation disposition"
section-or-clause-examples,examples,section or clause,thread-derived,section,catalog-only,V16 catalog,"owner classification, Feature Capsule, conformance, implementation disposition"
section-or-clause-tests,tests,section or clause,thread-derived,section,prototype-specified,V19 prototype capsule,"owner classification, Feature Capsule, conformance, implementation disposition"
section-or-clause-goals,goals,section or clause,thread-derived,section,prototype-specified,V19 prototype capsule,"owner classification, Feature Capsule, conformance, implementation disposition"
section-or-clause-methods,methods,section or clause,thread-derived,section,prototype-specified,V19 prototype capsule,"owner classification, Feature Capsule, conformance, implementation disposition"
section-or-clause-providers,providers,section or clause,thread-derived,section,catalog-only,V16 catalog,"owner classification, Feature Capsule, conformance, implementation disposition"
section-or-clause-evidence,evidence,section or clause,thread-derived,section,prototype-specified,V19 prototype capsule,"owner classification, Feature Capsule, conformance, implementation disposition"
section-or-clause-fallback,fallback,section or clause,thread-derived,section,catalog-only,V16 catalog,"owner classification, Feature Capsule, conformance, implementation disposition"
section-or-clause-host,host,section or clause,thread-derived,section,catalog-only,V16 catalog,"owner classification, Feature Capsule, conformance, implementation disposition"
section-or-clause-build,build,section or clause,thread-derived,section,catalog-only,V16 catalog,"owner classification, Feature Capsule, conformance, implementation disposition"
section-or-clause-compile,compile,section or clause,thread-derived,section,prototype-specified,V19 prototype capsule,"owner classification, Feature Capsule, conformance, implementation disposition"
section-or-clause-emit,emit,section or clause,thread-derived,section,catalog-only,V16 catalog,"owner classification, Feature Capsule, conformance, implementation disposition"
section-or-clause-return,return,section or clause,thread-derived,section,catalog-only,V16 catalog,"owner classification, Feature Capsule, conformance, implementation disposition"
section-or-clause-worlds,worlds,section or clause,thread-derived,section,prototype-specified,V19 prototype capsule,"owner classification, Feature Capsule, conformance, implementation disposition"
section-or-clause-expression,expression,section or clause,thread-derived,section,catalog-only,V16 catalog,"owner classification, Feature Capsule, conformance, implementation disposition"
section-or-clause-source,source,section or clause,thread-derived,section,catalog-only,V16 catalog,"owner classification, Feature Capsule, conformance, implementation disposition"
section-or-clause-architecture,architecture,section or clause,thread-derived,section,catalog-only,V16 catalog,"owner classification, Feature Capsule, conformance, implementation disposition"
section-or-clause-optimizer,optimizer,section or clause,thread-derived,section,catalog-only,V16 catalog,"owner classification, Feature Capsule, conformance, implementation disposition"
section-or-clause-schedule,schedule,section or clause,thread-derived,section,catalog-only,V16 catalog,"owner classification, Feature Capsule, conformance, implementation disposition"
section-or-clause-precision,precision,section or clause,thread-derived,section,catalog-only,V16 catalog,"owner classification, Feature Capsule, conformance, implementation disposition"
section-or-clause-parallel,parallel,section or clause,thread-derived,section,catalog-only,V16 catalog,"owner classification, Feature Capsule, conformance, implementation disposition"
section-or-clause-checkpoint,checkpoint,section or clause,thread-derived,section,catalog-only,V16 catalog,"owner classification, Feature Capsule, conformance, implementation disposition"
section-or-clause-pipeline,pipeline,section or clause,thread-derived,section,catalog-only,V16 catalog,"owner classification, Feature Capsule, conformance, implementation disposition"
section-or-clause-events,events,section or clause,thread-derived,section,catalog-only,V16 catalog,"owner classification, Feature Capsule, conformance, implementation disposition"
section-or-clause-transitions,transitions,section or clause,thread-derived,section,catalog-only,V16 catalog,"owner classification, Feature Capsule, conformance, implementation disposition"
section-or-clause-streams,streams,section or clause,thread-derived,section,catalog-only,V16 catalog,"owner classification, Feature Capsule, conformance, implementation disposition"
section-or-clause-fusion,fusion,section or clause,thread-derived,section,catalog-only,V16 catalog,"owner classification, Feature Capsule, conformance, implementation disposition"
section-or-clause-protect,protect,section or clause,thread-derived,section,catalog-only,V16 catalog,"owner classification, Feature Capsule, conformance, implementation disposition"
section-or-clause-measure,measure,section or clause,thread-derived,section,catalog-only,V16 catalog,"owner classification, Feature Capsule, conformance, implementation disposition"
section-or-clause-compare,compare,section or clause,thread-derived,section,catalog-only,V16 catalog,"owner classification, Feature Capsule, conformance, implementation disposition"
section-or-clause-decide,decide,section or clause,thread-derived,section,catalog-only,V16 catalog,"owner classification, Feature Capsule, conformance, implementation disposition"
section-or-clause-release,release,section or clause,thread-derived,section,catalog-only,V16 catalog,"owner classification, Feature Capsule, conformance, implementation disposition"
section-or-clause-migration,migration,section or clause,thread-derived,section,catalog-only,V16 catalog,"owner classification, Feature Capsule, conformance, implementation disposition"
section-or-clause-effects,effects,section or clause,thread-derived,section,catalog-only,V16 catalog,"owner classification, Feature Capsule, conformance, implementation disposition"
section-or-clause-budget,budget,section or clause,thread-derived,section,prototype-specified,V19 prototype capsule,"owner classification, Feature Capsule, conformance, implementation disposition"
section-or-clause-actors,actors,section or clause,thread-derived,section,catalog-only,V16 catalog,"owner classification, Feature Capsule, conformance, implementation disposition"
section-or-clause-knowledge,knowledge,section or clause,thread-derived,section,catalog-only,V16 catalog,"owner classification, Feature Capsule, conformance, implementation disposition"
section-or-clause-public,public,section or clause,thread-derived,section,catalog-only,V16 catalog,"owner classification, Feature Capsule, conformance, implementation disposition"
section-or-clause-hidden,hidden,section or clause,thread-derived,section,catalog-only,V16 catalog,"owner classification, Feature Capsule, conformance, implementation disposition"
section-or-clause-claims,claims,section or clause,thread-derived,section,catalog-only,V16 catalog,"owner classification, Feature Capsule, conformance, implementation disposition"
section-or-clause-clues,clues,section or clause,thread-derived,section,catalog-only,V16 catalog,"owner classification, Feature Capsule, conformance, implementation disposition"
section-or-clause-difficulty,difficulty,section or clause,thread-derived,section,catalog-only,V16 catalog,"owner classification, Feature Capsule, conformance, implementation disposition"
section-or-clause-security,security,section or clause,thread-derived,section,catalog-only,V16 catalog,"owner classification, Feature Capsule, conformance, implementation disposition"
goal-or-intent-verb-run,run,goal or intent verb,thread-derived,syntax-pack/capability,catalog-only,V16 catalog,"owner classification, Feature Capsule, conformance, implementation disposition"
goal-or-intent-verb-check,check,goal or intent verb,thread-derived,syntax-pack/capability,catalog-only,V16 catalog,"owner classification, Feature Capsule, conformance, implementation disposition"
goal-or-intent-verb-evaluate,evaluate,goal or intent verb,thread-derived,syntax-pack/capability,catalog-only,V16 catalog,"owner classification, Feature Capsule, conformance, implementation disposition"
goal-or-intent-verb-calculate,calculate,goal or intent verb,thread-derived,syntax-pack/capability,catalog-only,V16 catalog,"owner classification, Feature Capsule, conformance, implementation disposition"
goal-or-intent-verb-simplify,simplify,goal or intent verb,thread-derived,syntax-pack/capability,catalog-only,V16 catalog,"owner classification, Feature Capsule, conformance, implementation disposition"
goal-or-intent-verb-canonicalize,canonicalize,goal or intent verb,thread-derived,syntax-pack/capability,catalog-only,V16 catalog,"owner classification, Feature Capsule, conformance, implementation disposition"
goal-or-intent-verb-expand,expand,goal or intent verb,thread-derived,syntax-pack/capability,catalog-only,V16 catalog,"owner classification, Feature Capsule, conformance, implementation disposition"
goal-or-intent-verb-freeze,freeze,goal or intent verb,thread-derived,syntax-pack/capability,catalog-only,V16 catalog,"owner classification, Feature Capsule, conformance, implementation disposition"
goal-or-intent-verb-explain,explain,goal or intent verb,thread-derived,syntax-pack/capability,catalog-only,V16 catalog,"owner classification, Feature Capsule, conformance, implementation disposition"
goal-or-intent-verb-why,why,goal or intent verb,thread-derived,syntax-pack/capability,catalog-only,V16 catalog,"owner classification, Feature Capsule, conformance, implementation disposition"
goal-or-intent-verb-plot,plot,goal or intent verb,thread-derived,syntax-pack/capability,catalog-only,V16 catalog,"owner classification, Feature Capsule, conformance, implementation disposition"
goal-or-intent-verb-visualize,visualize,goal or intent verb,thread-derived,syntax-pack/capability,catalog-only,V16 catalog,"owner classification, Feature Capsule, conformance, implementation disposition"
goal-or-intent-verb-solve,solve,goal or intent verb,thread-derived,syntax-pack/capability,catalog-only,V16 catalog,"owner classification, Feature Capsule, conformance, implementation disposition"
goal-or-intent-verb-find,find,goal or intent verb,thread-derived,syntax-pack/capability,catalog-only,V16 catalog,"owner classification, Feature Capsule, conformance, implementation disposition"
goal-or-intent-verb-search,search,goal or intent verb,thread-derived,syntax-pack/capability,catalog-only,V16 catalog,"owner classification, Feature Capsule, conformance, implementation disposition"
goal-or-intent-verb-differentiate,differentiate,goal or intent verb,thread-derived,syntax-pack/capability,catalog-only,V16 catalog,"owner classification, Feature Capsule, conformance, implementation disposition"
goal-or-intent-verb-integrate,integrate,goal or intent verb,thread-derived,syntax-pack/capability,catalog-only,V16 catalog,"owner classification, Feature Capsule, conformance, implementation disposition"
goal-or-intent-verb-limit,limit,goal or intent verb,thread-derived,syntax-pack/capability,catalog-only,V16 catalog,"owner classification, Feature Capsule, conformance, implementation disposition"
goal-or-intent-verb-sum,sum,goal or intent verb,thread-derived,syntax-pack/capability,prototype-specified,V19 prototype capsule,"owner classification, Feature Capsule, conformance, implementation disposition"
goal-or-intent-verb-product,product,goal or intent verb,thread-derived,syntax-pack/capability,prototype-specified,V19 prototype capsule,"owner classification, Feature Capsule, conformance, implementation disposition"
goal-or-intent-verb-simulate,simulate,goal or intent verb,thread-derived,syntax-pack/capability,catalog-only,V16 catalog,"owner classification, Feature Capsule, conformance, implementation disposition"
goal-or-intent-verb-optimize,optimize,goal or intent verb,thread-derived,syntax-pack/capability,catalog-only,V16 catalog,"owner classification, Feature Capsule, conformance, implementation disposition"
goal-or-intent-verb-benchmark,benchmark,goal or intent verb,thread-derived,syntax-pack/capability,catalog-only,V16 catalog,"owner classification, Feature Capsule, conformance, implementation disposition"
goal-or-intent-verb-tune,tune,goal or intent verb,thread-derived,syntax-pack/capability,catalog-only,V16 catalog,"owner classification, Feature Capsule, conformance, implementation disposition"
goal-or-intent-verb-verify,verify,goal or intent verb,thread-derived,syntax-pack/capability,catalog-only,V16 catalog,"owner classification, Feature Capsule, conformance, implementation disposition"
goal-or-intent-verb-prove,prove,goal or intent verb,thread-derived,syntax-pack/capability,catalog-only,V16 catalog,"owner classification, Feature Capsule, conformance, implementation disposition"
goal-or-intent-verb-refute,refute,goal or intent verb,thread-derived,syntax-pack/capability,catalog-only,V16 catalog,"owner classification, Feature Capsule, conformance, implementation disposition"
goal-or-intent-verb-generate,generate,goal or intent verb,thread-derived,syntax-pack/capability,catalog-only,V16 catalog,"owner classification, Feature Capsule, conformance, implementation disposition"
goal-or-intent-verb-recover,recover,goal or intent verb,thread-derived,syntax-pack/capability,catalog-only,V16 catalog,"owner classification, Feature Capsule, conformance, implementation disposition"
goal-or-intent-verb-encode,encode,goal or intent verb,thread-derived,syntax-pack/capability,catalog-only,V16 catalog,"owner classification, Feature Capsule, conformance, implementation disposition"
goal-or-intent-verb-decode,decode,goal or intent verb,thread-derived,syntax-pack/capability,catalog-only,V16 catalog,"owner classification, Feature Capsule, conformance, implementation disposition"
goal-or-intent-verb-encrypt,encrypt,goal or intent verb,thread-derived,syntax-pack/capability,catalog-only,V16 catalog,"owner classification, Feature Capsule, conformance, implementation disposition"
goal-or-intent-verb-decrypt,decrypt,goal or intent verb,thread-derived,syntax-pack/capability,catalog-only,V16 catalog,"owner classification, Feature Capsule, conformance, implementation disposition"
goal-or-intent-verb-distinguish,distinguish,goal or intent verb,thread-derived,syntax-pack/capability,catalog-only,V16 catalog,"owner classification, Feature Capsule, conformance, implementation disposition"
goal-or-intent-verb-enumerate,enumerate,goal or intent verb,thread-derived,syntax-pack/capability,catalog-only,V16 catalog,"owner classification, Feature Capsule, conformance, implementation disposition"
goal-or-intent-verb-classify,classify,goal or intent verb,thread-derived,syntax-pack/capability,catalog-only,V16 catalog,"owner classification, Feature Capsule, conformance, implementation disposition"
goal-or-intent-verb-fit,fit,goal or intent verb,thread-derived,syntax-pack/capability,catalog-only,V16 catalog,"owner classification, Feature Capsule, conformance, implementation disposition"
goal-or-intent-verb-infer,infer,goal or intent verb,thread-derived,syntax-pack/capability,catalog-only,V16 catalog,"owner classification, Feature Capsule, conformance, implementation disposition"
goal-or-intent-verb-materialize,materialize,goal or intent verb,thread-derived,syntax-pack/capability,catalog-only,V16 catalog,"owner classification, Feature Capsule, conformance, implementation disposition"
goal-or-intent-verb-publish,publish,goal or intent verb,thread-derived,syntax-pack/capability,catalog-only,V16 catalog,"owner classification, Feature Capsule, conformance, implementation disposition"
goal-or-intent-verb-share,share,goal or intent verb,thread-derived,syntax-pack/capability,catalog-only,V16 catalog,"owner classification, Feature Capsule, conformance, implementation disposition"
goal-or-intent-verb-import,import,goal or intent verb,thread-derived,syntax-pack/capability,catalog-only,V16 catalog,"owner classification, Feature Capsule, conformance, implementation disposition"
goal-or-intent-verb-export,export,goal or intent verb,thread-derived,syntax-pack/capability,catalog-only,V16 catalog,"owner classification, Feature Capsule, conformance, implementation disposition"
goal-or-intent-verb-convert,convert,goal or intent verb,thread-derived,syntax-pack/capability,catalog-only,V16 catalog,"owner classification, Feature Capsule, conformance, implementation disposition"
goal-or-intent-verb-transform,transform,goal or intent verb,thread-derived,syntax-pack/capability,catalog-only,V16 catalog,"owner classification, Feature Capsule, conformance, implementation disposition"
goal-or-intent-verb-port,port,goal or intent verb,thread-derived,syntax-pack/capability,catalog-only,V16 catalog,"owner classification, Feature Capsule, conformance, implementation disposition"
goal-or-intent-verb-quantize,quantize,goal or intent verb,thread-derived,syntax-pack/capability,catalog-only,V16 catalog,"owner classification, Feature Capsule, conformance, implementation disposition"
goal-or-intent-verb-dequantize,dequantize,goal or intent verb,thread-derived,syntax-pack/capability,catalog-only,V16 catalog,"owner classification, Feature Capsule, conformance, implementation disposition"
goal-or-intent-verb-prune,prune,goal or intent verb,thread-derived,syntax-pack/capability,catalog-only,V16 catalog,"owner classification, Feature Capsule, conformance, implementation disposition"
goal-or-intent-verb-merge,merge,goal or intent verb,thread-derived,syntax-pack/capability,catalog-only,V16 catalog,"owner classification, Feature Capsule, conformance, implementation disposition"
goal-or-intent-verb-distill,distill,goal or intent verb,thread-derived,syntax-pack/capability,catalog-only,V16 catalog,"owner classification, Feature Capsule, conformance, implementation disposition"
goal-or-intent-verb-calibrate,calibrate,goal or intent verb,thread-derived,syntax-pack/capability,catalog-only,V16 catalog,"owner classification, Feature Capsule, conformance, implementation disposition"
goal-or-intent-verb-synthesize,synthesize,goal or intent verb,thread-derived,syntax-pack/capability,catalog-only,V16 catalog,"owner classification, Feature Capsule, conformance, implementation disposition"
goal-or-intent-verb-replay,replay,goal or intent verb,thread-derived,syntax-pack/capability,catalog-only,V16 catalog,"owner classification, Feature Capsule, conformance, implementation disposition"
goal-or-intent-verb-enumerate-worlds,enumerate worlds,goal or intent verb,thread-derived,syntax-pack/capability,catalog-only,V16 catalog,"owner classification, Feature Capsule, conformance, implementation disposition"
goal-or-intent-verb-select-world,select world,goal or intent verb,thread-derived,syntax-pack/capability,catalog-only,V16 catalog,"owner classification, Feature Capsule, conformance, implementation disposition"
goal-or-intent-verb-generate-rust,generate Rust,goal or intent verb,thread-derived,syntax-pack/capability,catalog-only,V16 catalog,"owner classification, Feature Capsule, conformance, implementation disposition"
goal-or-intent-verb-generate-wasm,generate WASM,goal or intent verb,thread-derived,syntax-pack/capability,catalog-only,V16 catalog,"owner classification, Feature Capsule, conformance, implementation disposition"
goal-or-intent-verb-generate-proof-obligation,generate proof obligation,goal or intent verb,thread-derived,syntax-pack/capability,catalog-only,V16 catalog,"owner classification, Feature Capsule, conformance, implementation disposition"
goal-or-intent-verb-continue,continue,goal or intent verb,thread-derived,syntax-pack/capability,catalog-only,V16 catalog,"owner classification, Feature Capsule, conformance, implementation disposition"
type-or-value-class-bool,Bool,type or value class,thread-derived,type,prototype-specified,V19 prototype capsule,"owner classification, Feature Capsule, conformance, implementation disposition"
type-or-value-class-nat,Nat,type or value class,thread-derived,type,prototype-specified,V19 prototype capsule,"owner classification, Feature Capsule, conformance, implementation disposition"
type-or-value-class-int,Int,type or value class,thread-derived,type,prototype-specified,V19 prototype capsule,"owner classification, Feature Capsule, conformance, implementation disposition"
type-or-value-class-rational,Rational,type or value class,thread-derived,type,prototype-specified,V19 prototype capsule,"owner classification, Feature Capsule, conformance, implementation disposition"
type-or-value-class-real,Real,type or value class,thread-derived,type,catalog-only,V16 catalog,"owner classification, Feature Capsule, conformance, implementation disposition"
type-or-value-class-complex,Complex,type or value class,thread-derived,type,prototype-specified,V19 prototype capsule,"owner classification, Feature Capsule, conformance, implementation disposition"
type-or-value-class-float64,Float64,type or value class,thread-derived,type,prototype-specified,V19 prototype capsule,"owner classification, Feature Capsule, conformance, implementation disposition"
type-or-value-class-modint,ModInt,type or value class,thread-derived,type,catalog-only,V16 catalog,"owner classification, Feature Capsule, conformance, implementation disposition"
type-or-value-class-finitefield,FiniteField,type or value class,thread-derived,type,catalog-only,V16 catalog,"owner classification, Feature Capsule, conformance, implementation disposition"
type-or-value-class-bit,Bit,type or value class,thread-derived,type,catalog-only,V16 catalog,"owner classification, Feature Capsule, conformance, implementation disposition"
type-or-value-class-bits,Bits,type or value class,thread-derived,type,catalog-only,V16 catalog,"owner classification, Feature Capsule, conformance, implementation disposition"
type-or-value-class-byte,Byte,type or value class,thread-derived,type,catalog-only,V16 catalog,"owner classification, Feature Capsule, conformance, implementation disposition"
type-or-value-class-bytestring,ByteString,type or value class,thread-derived,type,catalog-only,V16 catalog,"owner classification, Feature Capsule, conformance, implementation disposition"
type-or-value-class-symbol,Symbol,type or value class,thread-derived,type,catalog-only,V16 catalog,"owner classification, Feature Capsule, conformance, implementation disposition"
type-or-value-class-term,Term,type or value class,thread-derived,type,catalog-only,V16 catalog,"owner classification, Feature Capsule, conformance, implementation disposition"
type-or-value-class-set,Set,type or value class,thread-derived,type,catalog-only,V16 catalog,"owner classification, Feature Capsule, conformance, implementation disposition"
type-or-value-class-finiteset,FiniteSet,type or value class,thread-derived,type,catalog-only,V16 catalog,"owner classification, Feature Capsule, conformance, implementation disposition"
type-or-value-class-sequence,Sequence,type or value class,thread-derived,type,catalog-only,V16 catalog,"owner classification, Feature Capsule, conformance, implementation disposition"
type-or-value-class-list,List,type or value class,thread-derived,type,catalog-only,V16 catalog,"owner classification, Feature Capsule, conformance, implementation disposition"
type-or-value-class-tuple,Tuple,type or value class,thread-derived,type,catalog-only,V16 catalog,"owner classification, Feature Capsule, conformance, implementation disposition"
type-or-value-class-record,Record,type or value class,thread-derived,type,catalog-only,V16 catalog,"owner classification, Feature Capsule, conformance, implementation disposition"
type-or-value-class-vector,Vector,type or value class,thread-derived,type,prototype-specified,V19 prototype capsule,"owner classification, Feature Capsule, conformance, implementation disposition"
type-or-value-class-matrix,Matrix,type or value class,thread-derived,type,prototype-specified,V19 prototype capsule,"owner classification, Feature Capsule, conformance, implementation disposition"
type-or-value-class-tensor,Tensor,type or value class,thread-derived,type,prototype-specified,V19 prototype capsule,"owner classification, Feature Capsule, conformance, implementation disposition"
type-or-value-class-graph,Graph,type or value class,thread-derived,type,catalog-only,V16 catalog,"owner classification, Feature Capsule, conformance, implementation disposition"
type-or-value-class-tree,Tree,type or value class,thread-derived,type,catalog-only,V16 catalog,"owner classification, Feature Capsule, conformance, implementation disposition"
type-or-value-class-distribution,Distribution,type or value class,thread-derived,type,catalog-only,V16 catalog,"owner classification, Feature Capsule, conformance, implementation disposition"
type-or-value-class-randomvariable,RandomVariable,type or value class,thread-derived,type,catalog-only,V16 catalog,"owner classification, Feature Capsule, conformance, implementation disposition"
type-or-value-class-interval,Interval,type or value class,thread-derived,type,prototype-specified,V19 prototype capsule,"owner classification, Feature Capsule, conformance, implementation disposition"
type-or-value-class-quantity,Quantity,type or value class,thread-derived,type,catalog-only,V16 catalog,"owner classification, Feature Capsule, conformance, implementation disposition"
type-or-value-class-unit,Unit,type or value class,thread-derived,type,catalog-only,V16 catalog,"owner classification, Feature Capsule, conformance, implementation disposition"
type-or-value-class-positive,Positive,type or value class,thread-derived,type,catalog-only,V16 catalog,"owner classification, Feature Capsule, conformance, implementation disposition"
type-or-value-class-nonnegative,NonNegative,type or value class,thread-derived,type,catalog-only,V16 catalog,"owner classification, Feature Capsule, conformance, implementation disposition"
type-or-value-class-probability,Probability,type or value class,thread-derived,type,catalog-only,V16 catalog,"owner classification, Feature Capsule, conformance, implementation disposition"
type-or-value-class-money,Money,type or value class,thread-derived,type,catalog-only,V16 catalog,"owner classification, Feature Capsule, conformance, implementation disposition"
type-or-value-class-per,Per,type or value class,thread-derived,type,catalog-only,V16 catalog,"owner classification, Feature Capsule, conformance, implementation disposition"
type-or-value-class-trajectory,Trajectory,type or value class,thread-derived,type,catalog-only,V16 catalog,"owner classification, Feature Capsule, conformance, implementation disposition"
type-or-value-class-witness,Witness,type or value class,thread-derived,type,catalog-only,V16 catalog,"owner classification, Feature Capsule, conformance, implementation disposition"
type-or-value-class-counterexample,Counterexample,type or value class,thread-derived,type,catalog-only,V16 catalog,"owner classification, Feature Capsule, conformance, implementation disposition"
type-or-value-class-certificate,Certificate,type or value class,thread-derived,type,catalog-only,V16 catalog,"owner classification, Feature Capsule, conformance, implementation disposition"
type-or-value-class-proof,Proof,type or value class,thread-derived,type,catalog-only,V16 catalog,"owner classification, Feature Capsule, conformance, implementation disposition"
type-or-value-class-proofobligation,ProofObligation,type or value class,thread-derived,type,catalog-only,V16 catalog,"owner classification, Feature Capsule, conformance, implementation disposition"
type-or-value-class-trace,Trace,type or value class,thread-derived,type,catalog-only,V16 catalog,"owner classification, Feature Capsule, conformance, implementation disposition"
type-or-value-class-worldportfolio,WorldPortfolio,type or value class,thread-derived,type,catalog-only,V16 catalog,"owner classification, Feature Capsule, conformance, implementation disposition"
type-or-value-class-answer,Answer,type or value class,thread-derived,type,catalog-only,V16 catalog,"owner classification, Feature Capsule, conformance, implementation disposition"
type-or-value-class-answerreceipt,AnswerReceipt,type or value class,thread-derived,type,catalog-only,V16 catalog,"owner classification, Feature Capsule, conformance, implementation disposition"
type-or-value-class-cargocomponent,CargoComponent,type or value class,thread-derived,type,catalog-only,V16 catalog,"owner classification, Feature Capsule, conformance, implementation disposition"
type-or-value-class-wasmcomponent,WasmComponent,type or value class,thread-derived,type,catalog-only,V16 catalog,"owner classification, Feature Capsule, conformance, implementation disposition"
type-or-value-class-nativelibrary,NativeLibrary,type or value class,thread-derived,type,catalog-only,V16 catalog,"owner classification, Feature Capsule, conformance, implementation disposition"
type-or-value-class-experimentartifact,ExperimentArtifact,type or value class,thread-derived,type,catalog-only,V16 catalog,"owner classification, Feature Capsule, conformance, implementation disposition"
type-or-value-class-datasetartifact,DatasetArtifact,type or value class,thread-derived,type,catalog-only,V16 catalog,"owner classification, Feature Capsule, conformance, implementation disposition"
type-or-value-class-modelcheckpoint,ModelCheckpoint,type or value class,thread-derived,type,catalog-only,V16 catalog,"owner classification, Feature Capsule, conformance, implementation disposition"
type-or-value-class-continuation,Continuation,type or value class,thread-derived,type,catalog-only,V16 catalog,"owner classification, Feature Capsule, conformance, implementation disposition"
type-or-value-class-hole,Hole,type or value class,thread-derived,type,catalog-only,V16 catalog,"owner classification, Feature Capsule, conformance, implementation disposition"
type-or-value-class-unknown,Unknown,type or value class,thread-derived,type,catalog-only,V16 catalog,"owner classification, Feature Capsule, conformance, implementation disposition"
type-or-value-class-refusal,Refusal,type or value class,thread-derived,type,catalog-only,V16 catalog,"owner classification, Feature Capsule, conformance, implementation disposition"
type-or-value-class-secret,Secret,type or value class,thread-derived,type,catalog-only,V16 catalog,"owner classification, Feature Capsule, conformance, implementation disposition"
type-or-value-class-sensitive,Sensitive,type or value class,thread-derived,type,catalog-only,V16 catalog,"owner classification, Feature Capsule, conformance, implementation disposition"
type-or-value-class-ephemeral,Ephemeral,type or value class,thread-derived,type,catalog-only,V16 catalog,"owner classification, Feature Capsule, conformance, implementation disposition"
constructor-class-value-constructor,value constructor,constructor class,thread-derived,constructor,catalog-only,V16 catalog,"owner classification, Feature Capsule, conformance, implementation disposition"
constructor-class-world-constructor,world constructor,constructor class,thread-derived,constructor,catalog-only,V16 catalog,"owner classification, Feature Capsule, conformance, implementation disposition"
constructor-class-artifact-constructor,artifact constructor,constructor class,thread-derived,constructor,catalog-only,V16 catalog,"owner classification, Feature Capsule, conformance, implementation disposition"
constructor-class-from-source,from_source,constructor class,thread-derived,constructor,catalog-only,V16 catalog,"owner classification, Feature Capsule, conformance, implementation disposition"
constructor-class-universal-custom-constructor,universal custom constructor,constructor class,thread-derived,constructor,catalog-only,V16 catalog,"owner classification, Feature Capsule, conformance, implementation disposition"
constructor-class-provider-constructor,provider constructor,constructor class,thread-derived,constructor,catalog-only,V16 catalog,"owner classification, Feature Capsule, conformance, implementation disposition"
constructor-class-package-constructor,package constructor,constructor class,thread-derived,constructor,catalog-only,V16 catalog,"owner classification, Feature Capsule, conformance, implementation disposition"
constructor-class-experiment-constructor,experiment constructor,constructor class,thread-derived,constructor,catalog-only,V16 catalog,"owner classification, Feature Capsule, conformance, implementation disposition"
constructor-class-challenge-constructor,challenge constructor,constructor class,thread-derived,constructor,catalog-only,V16 catalog,"owner classification, Feature Capsule, conformance, implementation disposition"
result-or-artifact-class-value,Value,result or artifact class,thread-derived,artifact,catalog-only,V16 catalog,"owner classification, Feature Capsule, conformance, implementation disposition"
result-or-artifact-class-interval-result,Interval result,result or artifact class,thread-derived,artifact,catalog-only,V16 catalog,"owner classification, Feature Capsule, conformance, implementation disposition"
result-or-artifact-class-symbolic-term,Symbolic term,result or artifact class,thread-derived,artifact,catalog-only,V16 catalog,"owner classification, Feature Capsule, conformance, implementation disposition"
result-or-artifact-class-compiled-function,Compiled function,result or artifact class,thread-derived,artifact,catalog-only,V16 catalog,"owner classification, Feature Capsule, conformance, implementation disposition"
result-or-artifact-class-executable-model,Executable model,result or artifact class,thread-derived,artifact,catalog-only,V16 catalog,"owner classification, Feature Capsule, conformance, implementation disposition"
result-or-artifact-class-witness-result,Witness result,result or artifact class,thread-derived,artifact,catalog-only,V16 catalog,"owner classification, Feature Capsule, conformance, implementation disposition"
result-or-artifact-class-counterexample-result,Counterexample result,result or artifact class,thread-derived,artifact,catalog-only,V16 catalog,"owner classification, Feature Capsule, conformance, implementation disposition"
result-or-artifact-class-certificate-result,Certificate result,result or artifact class,thread-derived,artifact,catalog-only,V16 catalog,"owner classification, Feature Capsule, conformance, implementation disposition"
result-or-artifact-class-distribution-result,Distribution result,result or artifact class,thread-derived,artifact,catalog-only,V16 catalog,"owner classification, Feature Capsule, conformance, implementation disposition"
result-or-artifact-class-execution-trace,Execution trace,result or artifact class,thread-derived,artifact,catalog-only,V16 catalog,"owner classification, Feature Capsule, conformance, implementation disposition"
result-or-artifact-class-compiled-world,Compiled world,result or artifact class,thread-derived,artifact,catalog-only,V16 catalog,"owner classification, Feature Capsule, conformance, implementation disposition"
result-or-artifact-class-interpretation-portfolio,Interpretation portfolio,result or artifact class,thread-derived,artifact,catalog-only,V16 catalog,"owner classification, Feature Capsule, conformance, implementation disposition"
result-or-artifact-class-cargo-artifact,Cargo artifact,result or artifact class,thread-derived,artifact,catalog-only,V16 catalog,"owner classification, Feature Capsule, conformance, implementation disposition"
result-or-artifact-class-experiment-result,Experiment result,result or artifact class,thread-derived,artifact,catalog-only,V16 catalog,"owner classification, Feature Capsule, conformance, implementation disposition"
result-or-artifact-class-continuation-result,Continuation result,result or artifact class,thread-derived,artifact,catalog-only,V16 catalog,"owner classification, Feature Capsule, conformance, implementation disposition"
result-or-artifact-class-typed-refusal,Typed refusal,result or artifact class,thread-derived,artifact,catalog-only,V16 catalog,"owner classification, Feature Capsule, conformance, implementation disposition"
result-or-artifact-class-unknown-result,Unknown result,result or artifact class,thread-derived,artifact,catalog-only,V16 catalog,"owner classification, Feature Capsule, conformance, implementation disposition"
result-or-artifact-class-solution-set,Solution set,result or artifact class,thread-derived,artifact,catalog-only,V16 catalog,"owner classification, Feature Capsule, conformance, implementation disposition"
result-or-artifact-class-uniqueness-certificate,Uniqueness certificate,result or artifact class,thread-derived,artifact,catalog-only,V16 catalog,"owner classification, Feature Capsule, conformance, implementation disposition"
result-or-artifact-class-difficulty-vector,Difficulty vector,result or artifact class,thread-derived,artifact,catalog-only,V16 catalog,"owner classification, Feature Capsule, conformance, implementation disposition"
result-or-artifact-class-security-game-result,Security-game result,result or artifact class,thread-derived,artifact,catalog-only,V16 catalog,"owner classification, Feature Capsule, conformance, implementation disposition"
result-or-artifact-class-protocol-violation-trace,Protocol violation trace,result or artifact class,thread-derived,artifact,catalog-only,V16 catalog,"owner classification, Feature Capsule, conformance, implementation disposition"
result-or-artifact-class-lbom,LBOM,result or artifact class,thread-derived,artifact,catalog-only,V16 catalog,"owner classification, Feature Capsule, conformance, implementation disposition"
syntax-notation-or-lens-use-import,use import,"syntax, notation, or lens",thread-derived,syntax-pack/lens,catalog-only,V16 catalog,"owner classification, Feature Capsule, conformance, implementation disposition"
syntax-notation-or-lens-prelude,prelude,"syntax, notation, or lens",thread-derived,syntax-pack/lens,catalog-only,V16 catalog,"owner classification, Feature Capsule, conformance, implementation disposition"
syntax-notation-or-lens-custom-kind,custom kind,"syntax, notation, or lens",thread-derived,syntax-pack/lens,catalog-only,V16 catalog,"owner classification, Feature Capsule, conformance, implementation disposition"
syntax-notation-or-lens-executable-notation,executable notation,"syntax, notation, or lens",thread-derived,syntax-pack/lens,catalog-only,V16 catalog,"owner classification, Feature Capsule, conformance, implementation disposition"
syntax-notation-or-lens-canonical-desugaring,canonical desugaring,"syntax, notation, or lens",thread-derived,syntax-pack/lens,catalog-only,V16 catalog,"owner classification, Feature Capsule, conformance, implementation disposition"
syntax-notation-or-lens-progressive-exactness-l0,progressive exactness L0,"syntax, notation, or lens",thread-derived,syntax-pack/lens,catalog-only,V16 catalog,"owner classification, Feature Capsule, conformance, implementation disposition"
syntax-notation-or-lens-progressive-exactness-l1,progressive exactness L1,"syntax, notation, or lens",thread-derived,syntax-pack/lens,catalog-only,V16 catalog,"owner classification, Feature Capsule, conformance, implementation disposition"
syntax-notation-or-lens-progressive-exactness-l2,progressive exactness L2,"syntax, notation, or lens",thread-derived,syntax-pack/lens,catalog-only,V16 catalog,"owner classification, Feature Capsule, conformance, implementation disposition"
syntax-notation-or-lens-progressive-exactness-l3,progressive exactness L3,"syntax, notation, or lens",thread-derived,syntax-pack/lens,catalog-only,V16 catalog,"owner classification, Feature Capsule, conformance, implementation disposition"
syntax-notation-or-lens-progressive-exactness-l4,progressive exactness L4,"syntax, notation, or lens",thread-derived,syntax-pack/lens,catalog-only,V16 catalog,"owner classification, Feature Capsule, conformance, implementation disposition"
syntax-notation-or-lens-semantic-freeze,semantic freeze,"syntax, notation, or lens",thread-derived,syntax-pack/lens,catalog-only,V16 catalog,"owner classification, Feature Capsule, conformance, implementation disposition"
syntax-notation-or-lens-typed-hole,typed hole,"syntax, notation, or lens",thread-derived,syntax-pack/lens,catalog-only,V16 catalog,"owner classification, Feature Capsule, conformance, implementation disposition"
syntax-notation-or-lens-meaning-hole,meaning hole,"syntax, notation, or lens",thread-derived,syntax-pack/lens,prototype-specified,V19 prototype capsule,"owner classification, Feature Capsule, conformance, implementation disposition"
syntax-notation-or-lens-parse-forest,parse forest,"syntax, notation, or lens",thread-derived,syntax-pack/lens,catalog-only,V16 catalog,"owner classification, Feature Capsule, conformance, implementation disposition"
syntax-notation-or-lens-math-layout-graph,Math Layout Graph,"syntax, notation, or lens",thread-derived,syntax-pack/lens,catalog-only,V16 catalog,"owner classification, Feature Capsule, conformance, implementation disposition"
syntax-notation-or-lens-source-lens,source lens,"syntax, notation, or lens",thread-derived,syntax-pack/lens,catalog-only,V16 catalog,"owner classification, Feature Capsule, conformance, implementation disposition"
syntax-notation-or-lens-scratch-lens,scratch lens,"syntax, notation, or lens",thread-derived,syntax-pack/lens,catalog-only,V16 catalog,"owner classification, Feature Capsule, conformance, implementation disposition"
syntax-notation-or-lens-beginner-lens,beginner lens,"syntax, notation, or lens",thread-derived,syntax-pack/lens,catalog-only,V16 catalog,"owner classification, Feature Capsule, conformance, implementation disposition"
syntax-notation-or-lens-textbook-lens,textbook lens,"syntax, notation, or lens",thread-derived,syntax-pack/lens,catalog-only,V16 catalog,"owner classification, Feature Capsule, conformance, implementation disposition"
syntax-notation-or-lens-research-lens,research lens,"syntax, notation, or lens",thread-derived,syntax-pack/lens,catalog-only,V16 catalog,"owner classification, Feature Capsule, conformance, implementation disposition"
syntax-notation-or-lens-formal-lens,formal lens,"syntax, notation, or lens",thread-derived,syntax-pack/lens,catalog-only,V16 catalog,"owner classification, Feature Capsule, conformance, implementation disposition"
syntax-notation-or-lens-numeric-lens,numeric lens,"syntax, notation, or lens",thread-derived,syntax-pack/lens,catalog-only,V16 catalog,"owner classification, Feature Capsule, conformance, implementation disposition"
syntax-notation-or-lens-systems-lens,systems lens,"syntax, notation, or lens",thread-derived,syntax-pack/lens,catalog-only,V16 catalog,"owner classification, Feature Capsule, conformance, implementation disposition"
syntax-notation-or-lens-code-lens,code lens,"syntax, notation, or lens",thread-derived,syntax-pack/lens,catalog-only,V16 catalog,"owner classification, Feature Capsule, conformance, implementation disposition"
syntax-notation-or-lens-agent-lens,agent lens,"syntax, notation, or lens",thread-derived,syntax-pack/lens,catalog-only,V16 catalog,"owner classification, Feature Capsule, conformance, implementation disposition"
syntax-notation-or-lens-cypher-alias,cypher alias,"syntax, notation, or lens",thread-derived,syntax-pack/lens,catalog-only,V16 catalog,"owner classification, Feature Capsule, conformance, implementation disposition"
wave-16-language-gap-operator-declaration,operator declaration,Wave 16 language gap,wave16-gap,unclassified-review,catalog-only,V16 catalog,"owner classification, Feature Capsule, conformance, implementation disposition"
wave-16-language-gap-space-declaration,space declaration,Wave 16 language gap,wave16-gap,unclassified-review,catalog-only,V16 catalog,"owner classification, Feature Capsule, conformance, implementation disposition"
wave-16-language-gap-measure-declaration,measure declaration,Wave 16 language gap,wave16-gap,unclassified-review,catalog-only,V16 catalog,"owner classification, Feature Capsule, conformance, implementation disposition"
wave-16-language-gap-manifold-declaration,manifold declaration,Wave 16 language gap,wave16-gap,unclassified-review,catalog-only,V16 catalog,"owner classification, Feature Capsule, conformance, implementation disposition"
wave-16-language-gap-category-declaration,category declaration,Wave 16 language gap,wave16-gap,unclassified-review,catalog-only,V16 catalog,"owner classification, Feature Capsule, conformance, implementation disposition"
wave-16-language-gap-functor-declaration,functor declaration,Wave 16 language gap,wave16-gap,unclassified-review,catalog-only,V16 catalog,"owner classification, Feature Capsule, conformance, implementation disposition"
wave-16-language-gap-natural-transformation-declaration,natural transformation declaration,Wave 16 language gap,wave16-gap,unclassified-review,catalog-only,V16 catalog,"owner classification, Feature Capsule, conformance, implementation disposition"
wave-16-language-gap-sheaf-declaration,sheaf declaration,Wave 16 language gap,wave16-gap,unclassified-review,catalog-only,V16 catalog,"owner classification, Feature Capsule, conformance, implementation disposition"
wave-16-language-gap-bundle-declaration,bundle declaration,Wave 16 language gap,wave16-gap,unclassified-review,catalog-only,V16 catalog,"owner classification, Feature Capsule, conformance, implementation disposition"
wave-16-language-gap-field-declaration,field declaration,Wave 16 language gap,wave16-gap,unclassified-review,catalog-only,V16 catalog,"owner classification, Feature Capsule, conformance, implementation disposition"
wave-16-language-gap-boundary-declaration,boundary declaration,Wave 16 language gap,wave16-gap,unclassified-review,catalog-only,V16 catalog,"owner classification, Feature Capsule, conformance, implementation disposition"
wave-16-language-gap-regime-declaration,regime declaration,Wave 16 language gap,wave16-gap,unclassified-review,catalog-only,V16 catalog,"owner classification, Feature Capsule, conformance, implementation disposition"
wave-16-language-gap-conservation-declaration,conservation declaration,Wave 16 language gap,wave16-gap,unclassified-review,catalog-only,V16 catalog,"owner classification, Feature Capsule, conformance, implementation disposition"
wave-16-language-gap-symmetry-declaration,symmetry declaration,Wave 16 language gap,wave16-gap,unclassified-review,catalog-only,V16 catalog,"owner classification, Feature Capsule, conformance, implementation disposition"
wave-16-language-gap-transform-declaration,transform declaration,Wave 16 language gap,wave16-gap,unclassified-review,catalog-only,V16 catalog,"owner classification, Feature Capsule, conformance, implementation disposition"
wave-16-language-gap-approximation-declaration,approximation declaration,Wave 16 language gap,wave16-gap,unclassified-review,catalog-only,V16 catalog,"owner classification, Feature Capsule, conformance, implementation disposition"
wave-16-language-gap-bound-declaration,bound declaration,Wave 16 language gap,wave16-gap,unclassified-review,catalog-only,V16 catalog,"owner classification, Feature Capsule, conformance, implementation disposition"
wave-16-language-gap-singularity-declaration,singularity declaration,Wave 16 language gap,wave16-gap,unclassified-review,catalog-only,V16 catalog,"owner classification, Feature Capsule, conformance, implementation disposition"
wave-16-language-gap-branch-declaration,branch declaration,Wave 16 language gap,wave16-gap,unclassified-review,catalog-only,V16 catalog,"owner classification, Feature Capsule, conformance, implementation disposition"
wave-16-language-gap-observation-declaration,observation declaration,Wave 16 language gap,wave16-gap,unclassified-review,catalog-only,V16 catalog,"owner classification, Feature Capsule, conformance, implementation disposition"
wave-16-language-gap-intervention-declaration,intervention declaration,Wave 16 language gap,wave16-gap,unclassified-review,catalog-only,V16 catalog,"owner classification, Feature Capsule, conformance, implementation disposition"
wave-16-language-gap-counterfactual-declaration,counterfactual declaration,Wave 16 language gap,wave16-gap,unclassified-review,catalog-only,V16 catalog,"owner classification, Feature Capsule, conformance, implementation disposition"
wave-16-language-gap-uncertainty-declaration,uncertainty declaration,Wave 16 language gap,wave16-gap,unclassified-review,catalog-only,V16 catalog,"owner classification, Feature Capsule, conformance, implementation disposition"
wave-16-language-gap-calibration-declaration,calibration declaration,Wave 16 language gap,wave16-gap,unclassified-review,catalog-only,V16 catalog,"owner classification, Feature Capsule, conformance, implementation disposition"
wave-16-language-gap-surrogate-declaration,surrogate declaration,Wave 16 language gap,wave16-gap,unclassified-review,catalog-only,V16 catalog,"owner classification, Feature Capsule, conformance, implementation disposition"
wave-16-language-gap-digital-twin-declaration,digital twin declaration,Wave 16 language gap,wave16-gap,unclassified-review,catalog-only,V16 catalog,"owner classification, Feature Capsule, conformance, implementation disposition"
wave-16-language-gap-mechanism-declaration,mechanism declaration,Wave 16 language gap,wave16-gap,unclassified-review,catalog-only,V16 catalog,"owner classification, Feature Capsule, conformance, implementation disposition"
wave-16-language-gap-market-declaration,market declaration,Wave 16 language gap,wave16-gap,unclassified-review,catalog-only,V16 catalog,"owner classification, Feature Capsule, conformance, implementation disposition"
wave-16-language-gap-network-declaration,network declaration,Wave 16 language gap,wave16-gap,unclassified-review,catalog-only,V16 catalog,"owner classification, Feature Capsule, conformance, implementation disposition"
wave-16-language-gap-population-declaration,population declaration,Wave 16 language gap,wave16-gap,unclassified-review,catalog-only,V16 catalog,"owner classification, Feature Capsule, conformance, implementation disposition"
wave-16-language-gap-reaction-declaration,reaction declaration,Wave 16 language gap,wave16-gap,unclassified-review,catalog-only,V16 catalog,"owner classification, Feature Capsule, conformance, implementation disposition"
wave-16-language-gap-material-declaration,material declaration,Wave 16 language gap,wave16-gap,unclassified-review,catalog-only,V16 catalog,"owner classification, Feature Capsule, conformance, implementation disposition"
wave-16-language-gap-quantum-system-declaration,quantum system declaration,Wave 16 language gap,wave16-gap,unclassified-review,catalog-only,V16 catalog,"owner classification, Feature Capsule, conformance, implementation disposition"
wave-16-language-gap-causal-model-declaration,causal model declaration,Wave 16 language gap,wave16-gap,unclassified-review,catalog-only,V16 catalog,"owner classification, Feature Capsule, conformance, implementation disposition"
wave-16-language-gap-benchmark-declaration,benchmark declaration,Wave 16 language gap,wave16-gap,unclassified-review,catalog-only,V16 catalog,"owner classification, Feature Capsule, conformance, implementation disposition"
wave-16-language-gap-standard-declaration,standard declaration,Wave 16 language gap,wave16-gap,unclassified-review,catalog-only,V16 catalog,"owner classification, Feature Capsule, conformance, implementation disposition"
wave-16-language-gap-notebook-declaration,notebook declaration,Wave 16 language gap,wave16-gap,unclassified-review,catalog-only,V16 catalog,"owner classification, Feature Capsule, conformance, implementation disposition"
wave-16-language-gap-course-declaration,course declaration,Wave 16 language gap,wave16-gap,unclassified-review,catalog-only,V16 catalog,"owner classification, Feature Capsule, conformance, implementation disposition"
wave-16-language-gap-proof-strategy-declaration,proof strategy declaration,Wave 16 language gap,wave16-gap,unclassified-review,catalog-only,V16 catalog,"owner classification, Feature Capsule, conformance, implementation disposition"
wave-16-language-gap-solver-portfolio-declaration,solver portfolio declaration,Wave 16 language gap,wave16-gap,unclassified-review,catalog-only,V16 catalog,"owner classification, Feature Capsule, conformance, implementation disposition"
wave-16-language-gap-world-bridge-declaration,world bridge declaration,Wave 16 language gap,wave16-gap,unclassified-review,catalog-only,V16 catalog,"owner classification, Feature Capsule, conformance, implementation disposition"
wave-16-language-gap-multiworld-declaration,multiworld declaration,Wave 16 language gap,wave16-gap,unclassified-review,catalog-only,V16 catalog,"owner classification, Feature Capsule, conformance, implementation disposition"
wave-16-language-gap-artifact-family-declaration,artifact family declaration,Wave 16 language gap,wave16-gap,unclassified-review,catalog-only,V16 catalog,"owner classification, Feature Capsule, conformance, implementation disposition"
msc2020-top-level-map-msc-00-general-and-overarching-topics-collections,MSC 00 — General and overarching topics; collections,MSC2020 top-level map,thread-derived,field-pack/theory/capability,catalog-only,V16 catalog,"owner classification, Feature Capsule, conformance, implementation disposition"
msc2020-top-level-map-msc-01-history-and-biography,MSC 01 — History and biography,MSC2020 top-level map,wave16-gap,field-pack/theory/capability,catalog-only,V16 catalog,"owner classification, Feature Capsule, conformance, implementation disposition"
msc2020-top-level-map-msc-03-mathematical-logic-and-foundations,MSC 03 — Mathematical logic and foundations,MSC2020 top-level map,thread-derived,field-pack/theory/capability,catalog-only,V16 catalog,"owner classification, Feature Capsule, conformance, implementation disposition"
msc2020-top-level-map-msc-05-combinatorics,MSC 05 — Combinatorics,MSC2020 top-level map,thread-derived,field-pack/theory/capability,catalog-only,V16 catalog,"owner classification, Feature Capsule, conformance, implementation disposition"
msc2020-top-level-map-msc-06-order-lattices-ordered-algebraic-structures,"MSC 06 — Order, lattices, ordered algebraic structures",MSC2020 top-level map,thread-derived,field-pack/theory/capability,catalog-only,V16 catalog,"owner classification, Feature Capsule, conformance, implementation disposition"
msc2020-top-level-map-msc-08-general-algebraic-systems,MSC 08 — General algebraic systems,MSC2020 top-level map,thread-derived,field-pack/theory/capability,catalog-only,V16 catalog,"owner classification, Feature Capsule, conformance, implementation disposition"
msc2020-top-level-map-msc-11-number-theory,MSC 11 — Number theory,MSC2020 top-level map,thread-derived,field-pack/theory/capability,catalog-only,V16 catalog,"owner classification, Feature Capsule, conformance, implementation disposition"
msc2020-top-level-map-msc-12-field-theory-and-polynomials,MSC 12 — Field theory and polynomials,MSC2020 top-level map,wave16-gap,field-pack/theory/capability,catalog-only,V16 catalog,"owner classification, Feature Capsule, conformance, implementation disposition"
msc2020-top-level-map-msc-13-commutative-algebra,MSC 13 — Commutative algebra,MSC2020 top-level map,wave16-gap,field-pack/theory/capability,catalog-only,V16 catalog,"owner classification, Feature Capsule, conformance, implementation disposition"
msc2020-top-level-map-msc-14-algebraic-geometry,MSC 14 — Algebraic geometry,MSC2020 top-level map,wave16-gap,field-pack/theory/capability,catalog-only,V16 catalog,"owner classification, Feature Capsule, conformance, implementation disposition"
msc2020-top-level-map-msc-15-linear-and-multilinear-algebra-matrix-theory,MSC 15 — Linear and multilinear algebra; matrix theory,MSC2020 top-level map,thread-derived,field-pack/theory/capability,catalog-only,V16 catalog,"owner classification, Feature Capsule, conformance, implementation disposition"
msc2020-top-level-map-msc-16-associative-rings-and-algebras,MSC 16 — Associative rings and algebras,MSC2020 top-level map,wave16-gap,field-pack/theory/capability,catalog-only,V16 catalog,"owner classification, Feature Capsule, conformance, implementation disposition"
msc2020-top-level-map-msc-17-nonassociative-rings-and-algebras,MSC 17 — Nonassociative rings and algebras,MSC2020 top-level map,wave16-gap,field-pack/theory/capability,catalog-only,V16 catalog,"owner classification, Feature Capsule, conformance, implementation disposition"
msc2020-top-level-map-msc-18-category-theory-homological-algebra,MSC 18 — Category theory; homological algebra,MSC2020 top-level map,thread-derived,field-pack/theory/capability,catalog-only,V16 catalog,"owner classification, Feature Capsule, conformance, implementation disposition"
msc2020-top-level-map-msc-19-k-theory,MSC 19 — K-theory,MSC2020 top-level map,wave16-gap,field-pack/theory/capability,catalog-only,V16 catalog,"owner classification, Feature Capsule, conformance, implementation disposition"
msc2020-top-level-map-msc-20-group-theory-and-generalizations,MSC 20 — Group theory and generalizations,MSC2020 top-level map,thread-derived,field-pack/theory/capability,catalog-only,V16 catalog,"owner classification, Feature Capsule, conformance, implementation disposition"
msc2020-top-level-map-msc-22-topological-groups-lie-groups,"MSC 22 — Topological groups, Lie groups",MSC2020 top-level map,wave16-gap,field-pack/theory/capability,catalog-only,V16 catalog,"owner classification, Feature Capsule, conformance, implementation disposition"
msc2020-top-level-map-msc-26-real-functions,MSC 26 — Real functions,MSC2020 top-level map,thread-derived,field-pack/theory/capability,catalog-only,V16 catalog,"owner classification, Feature Capsule, conformance, implementation disposition"
msc2020-top-level-map-msc-28-measure-and-integration,MSC 28 — Measure and integration,MSC2020 top-level map,thread-derived,field-pack/theory/capability,catalog-only,V16 catalog,"owner classification, Feature Capsule, conformance, implementation disposition"
msc2020-top-level-map-msc-30-functions-of-a-complex-variable,MSC 30 — Functions of a complex variable,MSC2020 top-level map,thread-derived,field-pack/theory/capability,catalog-only,V16 catalog,"owner classification, Feature Capsule, conformance, implementation disposition"
msc2020-top-level-map-msc-31-potential-theory,MSC 31 — Potential theory,MSC2020 top-level map,wave16-gap,field-pack/theory/capability,catalog-only,V16 catalog,"owner classification, Feature Capsule, conformance, implementation disposition"
msc2020-top-level-map-msc-32-several-complex-variables-and-analytic-spaces,MSC 32 — Several complex variables and analytic spaces,MSC2020 top-level map,wave16-gap,field-pack/theory/capability,catalog-only,V16 catalog,"owner classification, Feature Capsule, conformance, implementation disposition"
msc2020-top-level-map-msc-33-special-functions,MSC 33 — Special functions,MSC2020 top-level map,wave16-gap,field-pack/theory/capability,catalog-only,V16 catalog,"owner classification, Feature Capsule, conformance, implementation disposition"
msc2020-top-level-map-msc-34-ordinary-differential-equations,MSC 34 — Ordinary differential equations,MSC2020 top-level map,thread-derived,field-pack/theory/capability,catalog-only,V16 catalog,"owner classification, Feature Capsule, conformance, implementation disposition"
msc2020-top-level-map-msc-35-partial-differential-equations,MSC 35 — Partial differential equations,MSC2020 top-level map,thread-derived,field-pack/theory/capability,catalog-only,V16 catalog,"owner classification, Feature Capsule, conformance, implementation disposition"
msc2020-top-level-map-msc-37-dynamical-systems-and-ergodic-theory,MSC 37 — Dynamical systems and ergodic theory,MSC2020 top-level map,thread-derived,field-pack/theory/capability,catalog-only,V16 catalog,"owner classification, Feature Capsule, conformance, implementation disposition"
msc2020-top-level-map-msc-39-difference-and-functional-equations,MSC 39 — Difference and functional equations,MSC2020 top-level map,wave16-gap,field-pack/theory/capability,catalog-only,V16 catalog,"owner classification, Feature Capsule, conformance, implementation disposition"
msc2020-top-level-map-msc-40-sequences-series-summability,"MSC 40 — Sequences, series, summability",MSC2020 top-level map,wave16-gap,field-pack/theory/capability,catalog-only,V16 catalog,"owner classification, Feature Capsule, conformance, implementation disposition"
msc2020-top-level-map-msc-41-approximations-and-expansions,MSC 41 — Approximations and expansions,MSC2020 top-level map,wave16-gap,field-pack/theory/capability,catalog-only,V16 catalog,"owner classification, Feature Capsule, conformance, implementation disposition"
msc2020-top-level-map-msc-42-harmonic-analysis-on-euclidean-spaces,MSC 42 — Harmonic analysis on Euclidean spaces,MSC2020 top-level map,wave16-gap,field-pack/theory/capability,catalog-only,V16 catalog,"owner classification, Feature Capsule, conformance, implementation disposition"
msc2020-top-level-map-msc-43-abstract-harmonic-analysis,MSC 43 — Abstract harmonic analysis,MSC2020 top-level map,wave16-gap,field-pack/theory/capability,catalog-only,V16 catalog,"owner classification, Feature Capsule, conformance, implementation disposition"
msc2020-top-level-map-msc-44-integral-transforms-operational-calculus,"MSC 44 — Integral transforms, operational calculus",MSC2020 top-level map,wave16-gap,field-pack/theory/capability,catalog-only,V16 catalog,"owner classification, Feature Capsule, conformance, implementation disposition"
msc2020-top-level-map-msc-45-integral-equations,MSC 45 — Integral equations,MSC2020 top-level map,wave16-gap,field-pack/theory/capability,catalog-only,V16 catalog,"owner classification, Feature Capsule, conformance, implementation disposition"
msc2020-top-level-map-msc-46-functional-analysis,MSC 46 — Functional analysis,MSC2020 top-level map,thread-derived,field-pack/theory/capability,catalog-only,V16 catalog,"owner classification, Feature Capsule, conformance, implementation disposition"
msc2020-top-level-map-msc-47-operator-theory,MSC 47 — Operator theory,MSC2020 top-level map,wave16-gap,field-pack/theory/capability,catalog-only,V16 catalog,"owner classification, Feature Capsule, conformance, implementation disposition"
msc2020-top-level-map-msc-49-calculus-of-variations-and-optimal-control-optimization,MSC 49 — Calculus of variations and optimal control; optimization,MSC2020 top-level map,thread-derived,field-pack/theory/capability,catalog-only,V16 catalog,"owner classification, Feature Capsule, conformance, implementation disposition"
msc2020-top-level-map-msc-51-geometry,MSC 51 — Geometry,MSC2020 top-level map,thread-derived,field-pack/theory/capability,catalog-only,V16 catalog,"owner classification, Feature Capsule, conformance, implementation disposition"
msc2020-top-level-map-msc-52-convex-and-discrete-geometry,MSC 52 — Convex and discrete geometry,MSC2020 top-level map,thread-derived,field-pack/theory/capability,catalog-only,V16 catalog,"owner classification, Feature Capsule, conformance, implementation disposition"
msc2020-top-level-map-msc-53-differential-geometry,MSC 53 — Differential geometry,MSC2020 top-level map,thread-derived,field-pack/theory/capability,catalog-only,V16 catalog,"owner classification, Feature Capsule, conformance, implementation disposition"
msc2020-top-level-map-msc-54-general-topology,MSC 54 — General topology,MSC2020 top-level map,thread-derived,field-pack/theory/capability,catalog-only,V16 catalog,"owner classification, Feature Capsule, conformance, implementation disposition"
msc2020-top-level-map-msc-55-algebraic-topology,MSC 55 — Algebraic topology,MSC2020 top-level map,thread-derived,field-pack/theory/capability,catalog-only,V16 catalog,"owner classification, Feature Capsule, conformance, implementation disposition"
msc2020-top-level-map-msc-57-manifolds-and-cell-complexes,MSC 57 — Manifolds and cell complexes,MSC2020 top-level map,thread-derived,field-pack/theory/capability,catalog-only,V16 catalog,"owner classification, Feature Capsule, conformance, implementation disposition"
msc2020-top-level-map-msc-58-global-analysis-analysis-on-manifolds,"MSC 58 — Global analysis, analysis on manifolds",MSC2020 top-level map,thread-derived,field-pack/theory/capability,catalog-only,V16 catalog,"owner classification, Feature Capsule, conformance, implementation disposition"
msc2020-top-level-map-msc-60-probability-theory-and-stochastic-processes,MSC 60 — Probability theory and stochastic processes,MSC2020 top-level map,thread-derived,field-pack/theory/capability,catalog-only,V16 catalog,"owner classification, Feature Capsule, conformance, implementation disposition"
msc2020-top-level-map-msc-62-statistics,MSC 62 — Statistics,MSC2020 top-level map,thread-derived,field-pack/theory/capability,catalog-only,V16 catalog,"owner classification, Feature Capsule, conformance, implementation disposition"
msc2020-top-level-map-msc-65-numerical-analysis,MSC 65 — Numerical analysis,MSC2020 top-level map,thread-derived,field-pack/theory/capability,catalog-only,V16 catalog,"owner classification, Feature Capsule, conformance, implementation disposition"
msc2020-top-level-map-msc-68-computer-science,MSC 68 — Computer science,MSC2020 top-level map,thread-derived,field-pack/theory/capability,catalog-only,V16 catalog,"owner classification, Feature Capsule, conformance, implementation disposition"
msc2020-top-level-map-msc-70-mechanics-of-particles-and-systems,MSC 70 — Mechanics of particles and systems,MSC2020 top-level map,thread-derived,field-pack/theory/capability,catalog-only,V16 catalog,"owner classification, Feature Capsule, conformance, implementation disposition"
msc2020-top-level-map-msc-74-mechanics-of-deformable-solids,MSC 74 — Mechanics of deformable solids,MSC2020 top-level map,thread-derived,field-pack/theory/capability,catalog-only,V16 catalog,"owner classification, Feature Capsule, conformance, implementation disposition"
msc2020-top-level-map-msc-76-fluid-mechanics,MSC 76 — Fluid mechanics,MSC2020 top-level map,thread-derived,field-pack/theory/capability,catalog-only,V16 catalog,"owner classification, Feature Capsule, conformance, implementation disposition"
msc2020-top-level-map-msc-78-optics-electromagnetic-theory,"MSC 78 — Optics, electromagnetic theory",MSC2020 top-level map,thread-derived,field-pack/theory/capability,catalog-only,V16 catalog,"owner classification, Feature Capsule, conformance, implementation disposition"
msc2020-top-level-map-msc-80-classical-thermodynamics-heat-transfer,"MSC 80 — Classical thermodynamics, heat transfer",MSC2020 top-level map,thread-derived,field-pack/theory/capability,catalog-only,V16 catalog,"owner classification, Feature Capsule, conformance, implementation disposition"
msc2020-top-level-map-msc-81-quantum-theory,MSC 81 — Quantum theory,MSC2020 top-level map,thread-derived,field-pack/theory/capability,catalog-only,V16 catalog,"owner classification, Feature Capsule, conformance, implementation disposition"
msc2020-top-level-map-msc-82-statistical-mechanics-structure-of-matter,"MSC 82 — Statistical mechanics, structure of matter",MSC2020 top-level map,thread-derived,field-pack/theory/capability,catalog-only,V16 catalog,"owner classification, Feature Capsule, conformance, implementation disposition"
msc2020-top-level-map-msc-83-relativity-and-gravitational-theory,MSC 83 — Relativity and gravitational theory,MSC2020 top-level map,thread-derived,field-pack/theory/capability,catalog-only,V16 catalog,"owner classification, Feature Capsule, conformance, implementation disposition"
msc2020-top-level-map-msc-85-astronomy-and-astrophysics,MSC 85 — Astronomy and astrophysics,MSC2020 top-level map,thread-derived,field-pack/theory/capability,catalog-only,V16 catalog,"owner classification, Feature Capsule, conformance, implementation disposition"
msc2020-top-level-map-msc-86-geophysics,MSC 86 — Geophysics,MSC2020 top-level map,thread-derived,field-pack/theory/capability,catalog-only,V16 catalog,"owner classification, Feature Capsule, conformance, implementation disposition"
msc2020-top-level-map-msc-90-operations-research-mathematical-programming,"MSC 90 — Operations research, mathematical programming",MSC2020 top-level map,thread-derived,field-pack/theory/capability,catalog-only,V16 catalog,"owner classification, Feature Capsule, conformance, implementation disposition"
msc2020-top-level-map-msc-91-game-theory-economics-social-and-behavioral-sciences,"MSC 91 — Game theory, economics, social and behavioral sciences",MSC2020 top-level map,thread-derived,field-pack/theory/capability,catalog-only,V16 catalog,"owner classification, Feature Capsule, conformance, implementation disposition"
msc2020-top-level-map-msc-92-biology-and-other-natural-sciences,MSC 92 — Biology and other natural sciences,MSC2020 top-level map,thread-derived,field-pack/theory/capability,catalog-only,V16 catalog,"owner classification, Feature Capsule, conformance, implementation disposition"
msc2020-top-level-map-msc-93-systems-theory-control,MSC 93 — Systems theory; control,MSC2020 top-level map,thread-derived,field-pack/theory/capability,catalog-only,V16 catalog,"owner classification, Feature Capsule, conformance, implementation disposition"
msc2020-top-level-map-msc-94-information-and-communication-circuits,"MSC 94 — Information and communication, circuits",MSC2020 top-level map,thread-derived,field-pack/theory/capability,catalog-only,V16 catalog,"owner classification, Feature Capsule, conformance, implementation disposition"
msc2020-top-level-map-msc-97-mathematics-education,MSC 97 — Mathematics education,MSC2020 top-level map,thread-derived,field-pack/theory/capability,catalog-only,V16 catalog,"owner classification, Feature Capsule, conformance, implementation disposition"
foundations-logic-and-mathematical-knowledge-philosophy-of-mathematics,philosophy of mathematics,"foundations, logic, and mathematical knowledge",wave16-gap,unclassified-review,catalog-only,V16 catalog,"owner classification, Feature Capsule, conformance, implementation disposition"
foundations-logic-and-mathematical-knowledge-history-of-mathematics,history of mathematics,"foundations, logic, and mathematical knowledge",wave16-gap,unclassified-review,catalog-only,V16 catalog,"owner classification, Feature Capsule, conformance, implementation disposition"
foundations-logic-and-mathematical-knowledge-ethnomathematics,ethnomathematics,"foundations, logic, and mathematical knowledge",wave16-gap,unclassified-review,catalog-only,V16 catalog,"owner classification, Feature Capsule, conformance, implementation disposition"
foundations-logic-and-mathematical-knowledge-mathematical-logic,mathematical logic,"foundations, logic, and mathematical knowledge",wave16-gap,unclassified-review,catalog-only,V16 catalog,"owner classification, Feature Capsule, conformance, implementation disposition"
foundations-logic-and-mathematical-knowledge-classical-logic,classical logic,"foundations, logic, and mathematical knowledge",wave16-gap,unclassified-review,catalog-only,V16 catalog,"owner classification, Feature Capsule, conformance, implementation disposition"
foundations-logic-and-mathematical-knowledge-intuitionistic-logic,intuitionistic logic,"foundations, logic, and mathematical knowledge",wave16-gap,unclassified-review,catalog-only,V16 catalog,"owner classification, Feature Capsule, conformance, implementation disposition"
foundations-logic-and-mathematical-knowledge-modal-logic,modal logic,"foundations, logic, and mathematical knowledge",wave16-gap,unclassified-review,catalog-only,V16 catalog,"owner classification, Feature Capsule, conformance, implementation disposition"
foundations-logic-and-mathematical-knowledge-temporal-logic,temporal logic,"foundations, logic, and mathematical knowledge",wave16-gap,unclassified-review,catalog-only,V16 catalog,"owner classification, Feature Capsule, conformance, implementation disposition"
foundations-logic-and-mathematical-knowledge-epistemic-logic,epistemic logic,"foundations, logic, and mathematical knowledge",wave16-gap,unclassified-review,catalog-only,V16 catalog,"owner classification, Feature Capsule, conformance, implementation disposition"
foundations-logic-and-mathematical-knowledge-linear-logic,linear logic,"foundations, logic, and mathematical knowledge",wave16-gap,unclassified-review,catalog-only,V16 catalog,"owner classification, Feature Capsule, conformance, implementation disposition"
foundations-logic-and-mathematical-knowledge-relevance-logic,relevance logic,"foundations, logic, and mathematical knowledge",wave16-gap,unclassified-review,catalog-only,V16 catalog,"owner classification, Feature Capsule, conformance, implementation disposition"
foundations-logic-and-mathematical-knowledge-paraconsistent-logic,paraconsistent logic,"foundations, logic, and mathematical knowledge",wave16-gap,unclassified-review,catalog-only,V16 catalog,"owner classification, Feature Capsule, conformance, implementation disposition"
foundations-logic-and-mathematical-knowledge-many-valued-logic,many-valued logic,"foundations, logic, and mathematical knowledge",wave16-gap,unclassified-review,catalog-only,V16 catalog,"owner classification, Feature Capsule, conformance, implementation disposition"
foundations-logic-and-mathematical-knowledge-fuzzy-logic,fuzzy logic,"foundations, logic, and mathematical knowledge",wave16-gap,unclassified-review,catalog-only,V16 catalog,"owner classification, Feature Capsule, conformance, implementation disposition"
foundations-logic-and-mathematical-knowledge-probabilistic-logic,probabilistic logic,"foundations, logic, and mathematical knowledge",wave16-gap,unclassified-review,catalog-only,V16 catalog,"owner classification, Feature Capsule, conformance, implementation disposition"
foundations-logic-and-mathematical-knowledge-algebraic-logic,algebraic logic,"foundations, logic, and mathematical knowledge",wave16-gap,unclassified-review,catalog-only,V16 catalog,"owner classification, Feature Capsule, conformance, implementation disposition"
foundations-logic-and-mathematical-knowledge-categorical-logic,categorical logic,"foundations, logic, and mathematical knowledge",wave16-gap,unclassified-review,catalog-only,V16 catalog,"owner classification, Feature Capsule, conformance, implementation disposition"
foundations-logic-and-mathematical-knowledge-set-theory,set theory,"foundations, logic, and mathematical knowledge",thread-derived,unclassified-review,catalog-only,V16 catalog,"owner classification, Feature Capsule, conformance, implementation disposition"
foundations-logic-and-mathematical-knowledge-descriptive-set-theory,descriptive set theory,"foundations, logic, and mathematical knowledge",wave16-gap,unclassified-review,catalog-only,V16 catalog,"owner classification, Feature Capsule, conformance, implementation disposition"
foundations-logic-and-mathematical-knowledge-large-cardinal-theory,large cardinal theory,"foundations, logic, and mathematical knowledge",wave16-gap,unclassified-review,catalog-only,V16 catalog,"owner classification, Feature Capsule, conformance, implementation disposition"
foundations-logic-and-mathematical-knowledge-forcing-and-independence,forcing and independence,"foundations, logic, and mathematical knowledge",wave16-gap,unclassified-review,catalog-only,V16 catalog,"owner classification, Feature Capsule, conformance, implementation disposition"
foundations-logic-and-mathematical-knowledge-type-theory,type theory,"foundations, logic, and mathematical knowledge",wave16-gap,unclassified-review,catalog-only,V16 catalog,"owner classification, Feature Capsule, conformance, implementation disposition"
foundations-logic-and-mathematical-knowledge-dependent-type-theory,dependent type theory,"foundations, logic, and mathematical knowledge",wave16-gap,unclassified-review,catalog-only,V16 catalog,"owner classification, Feature Capsule, conformance, implementation disposition"
foundations-logic-and-mathematical-knowledge-homotopy-type-theory,homotopy type theory,"foundations, logic, and mathematical knowledge",wave16-gap,unclassified-review,catalog-only,V16 catalog,"owner classification, Feature Capsule, conformance, implementation disposition"
foundations-logic-and-mathematical-knowledge-proof-theory,proof theory,"foundations, logic, and mathematical knowledge",wave16-gap,unclassified-review,catalog-only,V16 catalog,"owner classification, Feature Capsule, conformance, implementation disposition"
foundations-logic-and-mathematical-knowledge-model-theory,model theory,"foundations, logic, and mathematical knowledge",wave16-gap,unclassified-review,catalog-only,V16 catalog,"owner classification, Feature Capsule, conformance, implementation disposition"
foundations-logic-and-mathematical-knowledge-finite-model-theory,finite model theory,"foundations, logic, and mathematical knowledge",wave16-gap,unclassified-review,catalog-only,V16 catalog,"owner classification, Feature Capsule, conformance, implementation disposition"
foundations-logic-and-mathematical-knowledge-computability-theory,computability theory,"foundations, logic, and mathematical knowledge",wave16-gap,unclassified-review,catalog-only,V16 catalog,"owner classification, Feature Capsule, conformance, implementation disposition"
foundations-logic-and-mathematical-knowledge-recursion-theory,recursion theory,"foundations, logic, and mathematical knowledge",wave16-gap,unclassified-review,catalog-only,V16 catalog,"owner classification, Feature Capsule, conformance, implementation disposition"
foundations-logic-and-mathematical-knowledge-constructive-mathematics,constructive mathematics,"foundations, logic, and mathematical knowledge",wave16-gap,unclassified-review,catalog-only,V16 catalog,"owner classification, Feature Capsule, conformance, implementation disposition"
foundations-logic-and-mathematical-knowledge-reverse-mathematics,reverse mathematics,"foundations, logic, and mathematical knowledge",wave16-gap,unclassified-review,catalog-only,V16 catalog,"owner classification, Feature Capsule, conformance, implementation disposition"
foundations-logic-and-mathematical-knowledge-nonstandard-analysis,nonstandard analysis,"foundations, logic, and mathematical knowledge",wave16-gap,unclassified-review,catalog-only,V16 catalog,"owner classification, Feature Capsule, conformance, implementation disposition"
foundations-logic-and-mathematical-knowledge-formal-theorem-proving,formal theorem proving,"foundations, logic, and mathematical knowledge",thread-derived,unclassified-review,catalog-only,V16 catalog,"owner classification, Feature Capsule, conformance, implementation disposition"
foundations-logic-and-mathematical-knowledge-mathematical-knowledge-management,mathematical knowledge management,"foundations, logic, and mathematical knowledge",wave16-gap,unclassified-review,catalog-only,V16 catalog,"owner classification, Feature Capsule, conformance, implementation disposition"
foundations-logic-and-mathematical-knowledge-mathematical-modeling,mathematical modeling,"foundations, logic, and mathematical knowledge",thread-derived,unclassified-review,catalog-only,V16 catalog,"owner classification, Feature Capsule, conformance, implementation disposition"
foundations-logic-and-mathematical-knowledge-simulation-theory,simulation theory,"foundations, logic, and mathematical knowledge",thread-derived,unclassified-review,catalog-only,V16 catalog,"owner classification, Feature Capsule, conformance, implementation disposition"
discrete-mathematics-and-combinatorics-elementary-discrete-mathematics,elementary discrete mathematics,discrete mathematics and combinatorics,wave16-gap,field-pack/theory/capability,catalog-only,V16 catalog,"owner classification, Feature Capsule, conformance, implementation disposition"
discrete-mathematics-and-combinatorics-enumerative-combinatorics,enumerative combinatorics,discrete mathematics and combinatorics,wave16-gap,field-pack/theory/capability,catalog-only,V16 catalog,"owner classification, Feature Capsule, conformance, implementation disposition"
discrete-mathematics-and-combinatorics-algebraic-combinatorics,algebraic combinatorics,discrete mathematics and combinatorics,wave16-gap,field-pack/theory/capability,catalog-only,V16 catalog,"owner classification, Feature Capsule, conformance, implementation disposition"
discrete-mathematics-and-combinatorics-extremal-combinatorics,extremal combinatorics,discrete mathematics and combinatorics,wave16-gap,field-pack/theory/capability,catalog-only,V16 catalog,"owner classification, Feature Capsule, conformance, implementation disposition"
discrete-mathematics-and-combinatorics-probabilistic-combinatorics,probabilistic combinatorics,discrete mathematics and combinatorics,wave16-gap,field-pack/theory/capability,catalog-only,V16 catalog,"owner classification, Feature Capsule, conformance, implementation disposition"
discrete-mathematics-and-combinatorics-additive-combinatorics,additive combinatorics,discrete mathematics and combinatorics,wave16-gap,field-pack/theory/capability,catalog-only,V16 catalog,"owner classification, Feature Capsule, conformance, implementation disposition"
discrete-mathematics-and-combinatorics-analytic-combinatorics,analytic combinatorics,discrete mathematics and combinatorics,wave16-gap,field-pack/theory/capability,catalog-only,V16 catalog,"owner classification, Feature Capsule, conformance, implementation disposition"
discrete-mathematics-and-combinatorics-bijective-combinatorics,bijective combinatorics,discrete mathematics and combinatorics,wave16-gap,field-pack/theory/capability,catalog-only,V16 catalog,"owner classification, Feature Capsule, conformance, implementation disposition"
discrete-mathematics-and-combinatorics-design-theory,design theory,discrete mathematics and combinatorics,wave16-gap,field-pack/theory/capability,catalog-only,V16 catalog,"owner classification, Feature Capsule, conformance, implementation disposition"
discrete-mathematics-and-combinatorics-matroid-theory,matroid theory,discrete mathematics and combinatorics,wave16-gap,field-pack/theory/capability,catalog-only,V16 catalog,"owner classification, Feature Capsule, conformance, implementation disposition"
discrete-mathematics-and-combinatorics-graph-theory,graph theory,discrete mathematics and combinatorics,thread-derived,field-pack/theory/capability,catalog-only,V16 catalog,"owner classification, Feature Capsule, conformance, implementation disposition"
discrete-mathematics-and-combinatorics-hypergraph-theory,hypergraph theory,discrete mathematics and combinatorics,wave16-gap,field-pack/theory/capability,catalog-only,V16 catalog,"owner classification, Feature Capsule, conformance, implementation disposition"
discrete-mathematics-and-combinatorics-spectral-graph-theory,spectral graph theory,discrete mathematics and combinatorics,wave16-gap,field-pack/theory/capability,catalog-only,V16 catalog,"owner classification, Feature Capsule, conformance, implementation disposition"
discrete-mathematics-and-combinatorics-topological-graph-theory,topological graph theory,discrete mathematics and combinatorics,wave16-gap,field-pack/theory/capability,catalog-only,V16 catalog,"owner classification, Feature Capsule, conformance, implementation disposition"
discrete-mathematics-and-combinatorics-geometric-graph-theory,geometric graph theory,discrete mathematics and combinatorics,wave16-gap,field-pack/theory/capability,catalog-only,V16 catalog,"owner classification, Feature Capsule, conformance, implementation disposition"
discrete-mathematics-and-combinatorics-random-graph-theory,random graph theory,discrete mathematics and combinatorics,wave16-gap,field-pack/theory/capability,catalog-only,V16 catalog,"owner classification, Feature Capsule, conformance, implementation disposition"
discrete-mathematics-and-combinatorics-network-science,network science,discrete mathematics and combinatorics,wave16-gap,field-pack/theory/capability,catalog-only,V16 catalog,"owner classification, Feature Capsule, conformance, implementation disposition"
discrete-mathematics-and-combinatorics-ramsey-theory,Ramsey theory,discrete mathematics and combinatorics,wave16-gap,field-pack/theory/capability,catalog-only,V16 catalog,"owner classification, Feature Capsule, conformance, implementation disposition"
discrete-mathematics-and-combinatorics-order-theory,order theory,discrete mathematics and combinatorics,wave16-gap,field-pack/theory/capability,catalog-only,V16 catalog,"owner classification, Feature Capsule, conformance, implementation disposition"
discrete-mathematics-and-combinatorics-lattice-theory,lattice theory,discrete mathematics and combinatorics,wave16-gap,field-pack/theory/capability,catalog-only,V16 catalog,"owner classification, Feature Capsule, conformance, implementation disposition"
discrete-mathematics-and-combinatorics-discrete-geometry,discrete geometry,discrete mathematics and combinatorics,wave16-gap,field-pack/theory/capability,catalog-only,V16 catalog,"owner classification, Feature Capsule, conformance, implementation disposition"
discrete-mathematics-and-combinatorics-finite-geometry,finite geometry,discrete mathematics and combinatorics,wave16-gap,field-pack/theory/capability,catalog-only,V16 catalog,"owner classification, Feature Capsule, conformance, implementation disposition"
discrete-mathematics-and-combinatorics-combinatorial-geometry,combinatorial geometry,discrete mathematics and combinatorics,wave16-gap,field-pack/theory/capability,catalog-only,V16 catalog,"owner classification, Feature Capsule, conformance, implementation disposition"
discrete-mathematics-and-combinatorics-tiling-theory,tiling theory,discrete mathematics and combinatorics,wave16-gap,field-pack/theory/capability,catalog-only,V16 catalog,"owner classification, Feature Capsule, conformance, implementation disposition"
discrete-mathematics-and-combinatorics-packing-and-covering,packing and covering,discrete mathematics and combinatorics,wave16-gap,field-pack/theory/capability,catalog-only,V16 catalog,"owner classification, Feature Capsule, conformance, implementation disposition"
discrete-mathematics-and-combinatorics-polyominoes-and-polyforms,polyominoes and polyforms,discrete mathematics and combinatorics,wave16-gap,field-pack/theory/capability,catalog-only,V16 catalog,"owner classification, Feature Capsule, conformance, implementation disposition"
discrete-mathematics-and-combinatorics-combinatorial-games,combinatorial games,discrete mathematics and combinatorics,wave16-gap,field-pack/theory/capability,catalog-only,V16 catalog,"owner classification, Feature Capsule, conformance, implementation disposition"
discrete-mathematics-and-combinatorics-recreational-mathematics,recreational mathematics,discrete mathematics and combinatorics,wave16-gap,field-pack/theory/capability,catalog-only,V16 catalog,"owner classification, Feature Capsule, conformance, implementation disposition"
discrete-mathematics-and-combinatorics-combinatorial-optimization,combinatorial optimization,discrete mathematics and combinatorics,wave16-gap,field-pack/theory/capability,catalog-only,V16 catalog,"owner classification, Feature Capsule, conformance, implementation disposition"
discrete-mathematics-and-combinatorics-integer-partitions,integer partitions,discrete mathematics and combinatorics,wave16-gap,field-pack/theory/capability,catalog-only,V16 catalog,"owner classification, Feature Capsule, conformance, implementation disposition"
discrete-mathematics-and-combinatorics-permutation-patterns,permutation patterns,discrete mathematics and combinatorics,wave16-gap,field-pack/theory/capability,catalog-only,V16 catalog,"owner classification, Feature Capsule, conformance, implementation disposition"
discrete-mathematics-and-combinatorics-word-combinatorics,word combinatorics,discrete mathematics and combinatorics,wave16-gap,field-pack/theory/capability,catalog-only,V16 catalog,"owner classification, Feature Capsule, conformance, implementation disposition"
algebra-and-number-theory-elementary-algebra,elementary algebra,algebra and number theory,wave16-gap,unclassified-review,catalog-only,V16 catalog,"owner classification, Feature Capsule, conformance, implementation disposition"
algebra-and-number-theory-universal-algebra,universal algebra,algebra and number theory,wave16-gap,unclassified-review,catalog-only,V16 catalog,"owner classification, Feature Capsule, conformance, implementation disposition"
algebra-and-number-theory-general-algebraic-systems,general algebraic systems,algebra and number theory,wave16-gap,unclassified-review,catalog-only,V16 catalog,"owner classification, Feature Capsule, conformance, implementation disposition"
algebra-and-number-theory-semigroup-theory,semigroup theory,algebra and number theory,wave16-gap,unclassified-review,catalog-only,V16 catalog,"owner classification, Feature Capsule, conformance, implementation disposition"
algebra-and-number-theory-monoid-theory,monoid theory,algebra and number theory,wave16-gap,unclassified-review,catalog-only,V16 catalog,"owner classification, Feature Capsule, conformance, implementation disposition"
algebra-and-number-theory-group-theory,group theory,algebra and number theory,thread-derived,unclassified-review,catalog-only,V16 catalog,"owner classification, Feature Capsule, conformance, implementation disposition"
algebra-and-number-theory-finite-group-theory,finite group theory,algebra and number theory,wave16-gap,unclassified-review,catalog-only,V16 catalog,"owner classification, Feature Capsule, conformance, implementation disposition"
algebra-and-number-theory-geometric-group-theory,geometric group theory,algebra and number theory,wave16-gap,unclassified-review,catalog-only,V16 catalog,"owner classification, Feature Capsule, conformance, implementation disposition"
algebra-and-number-theory-computational-group-theory,computational group theory,algebra and number theory,wave16-gap,unclassified-review,catalog-only,V16 catalog,"owner classification, Feature Capsule, conformance, implementation disposition"
algebra-and-number-theory-lie-groups,Lie groups,algebra and number theory,wave16-gap,unclassified-review,catalog-only,V16 catalog,"owner classification, Feature Capsule, conformance, implementation disposition"
algebra-and-number-theory-representation-theory,representation theory,algebra and number theory,wave16-gap,unclassified-review,catalog-only,V16 catalog,"owner classification, Feature Capsule, conformance, implementation disposition"
algebra-and-number-theory-ring-theory,ring theory,algebra and number theory,thread-derived,unclassified-review,catalog-only,V16 catalog,"owner classification, Feature Capsule, conformance, implementation disposition"
algebra-and-number-theory-commutative-algebra,commutative algebra,algebra and number theory,wave16-gap,unclassified-review,catalog-only,V16 catalog,"owner classification, Feature Capsule, conformance, implementation disposition"
algebra-and-number-theory-associative-algebra,associative algebra,algebra and number theory,wave16-gap,unclassified-review,catalog-only,V16 catalog,"owner classification, Feature Capsule, conformance, implementation disposition"
algebra-and-number-theory-nonassociative-algebra,nonassociative algebra,algebra and number theory,wave16-gap,unclassified-review,catalog-only,V16 catalog,"owner classification, Feature Capsule, conformance, implementation disposition"
algebra-and-number-theory-module-theory,module theory,algebra and number theory,wave16-gap,unclassified-review,catalog-only,V16 catalog,"owner classification, Feature Capsule, conformance, implementation disposition"
algebra-and-number-theory-field-theory,field theory,algebra and number theory,thread-derived,unclassified-review,catalog-only,V16 catalog,"owner classification, Feature Capsule, conformance, implementation disposition"
algebra-and-number-theory-galois-theory,Galois theory,algebra and number theory,wave16-gap,unclassified-review,catalog-only,V16 catalog,"owner classification, Feature Capsule, conformance, implementation disposition"
algebra-and-number-theory-polynomial-algebra,polynomial algebra,algebra and number theory,wave16-gap,unclassified-review,catalog-only,V16 catalog,"owner classification, Feature Capsule, conformance, implementation disposition"
algebra-and-number-theory-invariant-theory,invariant theory,algebra and number theory,wave16-gap,unclassified-review,catalog-only,V16 catalog,"owner classification, Feature Capsule, conformance, implementation disposition"
algebra-and-number-theory-homological-algebra,homological algebra,algebra and number theory,wave16-gap,unclassified-review,catalog-only,V16 catalog,"owner classification, Feature Capsule, conformance, implementation disposition"
algebra-and-number-theory-category-theory,category theory,algebra and number theory,thread-derived,unclassified-review,catalog-only,V16 catalog,"owner classification, Feature Capsule, conformance, implementation disposition"
algebra-and-number-theory-higher-category-theory,higher category theory,algebra and number theory,wave16-gap,unclassified-review,catalog-only,V16 catalog,"owner classification, Feature Capsule, conformance, implementation disposition"
algebra-and-number-theory-k-theory,K-theory,algebra and number theory,wave16-gap,unclassified-review,catalog-only,V16 catalog,"owner classification, Feature Capsule, conformance, implementation disposition"
algebra-and-number-theory-tensor-algebra,tensor algebra,algebra and number theory,wave16-gap,unclassified-review,catalog-only,V16 catalog,"owner classification, Feature Capsule, conformance, implementation disposition"
algebra-and-number-theory-exterior-algebra,exterior algebra,algebra and number theory,wave16-gap,unclassified-review,catalog-only,V16 catalog,"owner classification, Feature Capsule, conformance, implementation disposition"
algebra-and-number-theory-clifford-algebra,Clifford algebra,algebra and number theory,wave16-gap,unclassified-review,catalog-only,V16 catalog,"owner classification, Feature Capsule, conformance, implementation disposition"
algebra-and-number-theory-quaternion-algebra,quaternion algebra,algebra and number theory,wave16-gap,unclassified-review,catalog-only,V16 catalog,"owner classification, Feature Capsule, conformance, implementation disposition"
algebra-and-number-theory-octonion-algebra,octonion algebra,algebra and number theory,wave16-gap,unclassified-review,catalog-only,V16 catalog,"owner classification, Feature Capsule, conformance, implementation disposition"
algebra-and-number-theory-semiring-theory,semiring theory,algebra and number theory,wave16-gap,unclassified-review,catalog-only,V16 catalog,"owner classification, Feature Capsule, conformance, implementation disposition"
algebra-and-number-theory-tropical-algebra,tropical algebra,algebra and number theory,wave16-gap,unclassified-review,catalog-only,V16 catalog,"owner classification, Feature Capsule, conformance, implementation disposition"
algebra-and-number-theory-computational-algebra,computational algebra,algebra and number theory,wave16-gap,unclassified-review,catalog-only,V16 catalog,"owner classification, Feature Capsule, conformance, implementation disposition"
algebra-and-number-theory-gr-bner-basis-theory,Gröbner basis theory,algebra and number theory,wave16-gap,unclassified-review,catalog-only,V16 catalog,"owner classification, Feature Capsule, conformance, implementation disposition"
algebra-and-number-theory-number-theory,number theory,algebra and number theory,thread-derived,unclassified-review,catalog-only,V16 catalog,"owner classification, Feature Capsule, conformance, implementation disposition"
algebra-and-number-theory-elementary-number-theory,elementary number theory,algebra and number theory,wave16-gap,unclassified-review,catalog-only,V16 catalog,"owner classification, Feature Capsule, conformance, implementation disposition"
algebra-and-number-theory-analytic-number-theory,analytic number theory,algebra and number theory,wave16-gap,unclassified-review,catalog-only,V16 catalog,"owner classification, Feature Capsule, conformance, implementation disposition"
algebra-and-number-theory-algebraic-number-theory,algebraic number theory,algebra and number theory,wave16-gap,unclassified-review,catalog-only,V16 catalog,"owner classification, Feature Capsule, conformance, implementation disposition"
algebra-and-number-theory-arithmetic-geometry,arithmetic geometry,algebra and number theory,wave16-gap,unclassified-review,catalog-only,V16 catalog,"owner classification, Feature Capsule, conformance, implementation disposition"
algebra-and-number-theory-diophantine-equations,Diophantine equations,algebra and number theory,wave16-gap,unclassified-review,catalog-only,V16 catalog,"owner classification, Feature Capsule, conformance, implementation disposition"
algebra-and-number-theory-diophantine-approximation,Diophantine approximation,algebra and number theory,wave16-gap,unclassified-review,catalog-only,V16 catalog,"owner classification, Feature Capsule, conformance, implementation disposition"
algebra-and-number-theory-transcendental-number-theory,transcendental number theory,algebra and number theory,wave16-gap,unclassified-review,catalog-only,V16 catalog,"owner classification, Feature Capsule, conformance, implementation disposition"
algebra-and-number-theory-p-adic-mathematics,p-adic mathematics,algebra and number theory,wave16-gap,unclassified-review,catalog-only,V16 catalog,"owner classification, Feature Capsule, conformance, implementation disposition"
algebra-and-number-theory-modular-forms,modular forms,algebra and number theory,wave16-gap,unclassified-review,catalog-only,V16 catalog,"owner classification, Feature Capsule, conformance, implementation disposition"
algebra-and-number-theory-automorphic-forms,automorphic forms,algebra and number theory,wave16-gap,unclassified-review,catalog-only,V16 catalog,"owner classification, Feature Capsule, conformance, implementation disposition"
algebra-and-number-theory-elliptic-curves,elliptic curves,algebra and number theory,wave16-gap,unclassified-review,catalog-only,V16 catalog,"owner classification, Feature Capsule, conformance, implementation disposition"
algebra-and-number-theory-computational-number-theory,computational number theory,algebra and number theory,wave16-gap,unclassified-review,catalog-only,V16 catalog,"owner classification, Feature Capsule, conformance, implementation disposition"
geometry-and-topology-euclidean-geometry,Euclidean geometry,geometry and topology,wave16-gap,unclassified-review,catalog-only,V16 catalog,"owner classification, Feature Capsule, conformance, implementation disposition"
geometry-and-topology-affine-geometry,affine geometry,geometry and topology,wave16-gap,unclassified-review,catalog-only,V16 catalog,"owner classification, Feature Capsule, conformance, implementation disposition"
geometry-and-topology-projective-geometry,projective geometry,geometry and topology,wave16-gap,unclassified-review,catalog-only,V16 catalog,"owner classification, Feature Capsule, conformance, implementation disposition"
geometry-and-topology-spherical-geometry,spherical geometry,geometry and topology,wave16-gap,unclassified-review,catalog-only,V16 catalog,"owner classification, Feature Capsule, conformance, implementation disposition"
geometry-and-topology-hyperbolic-geometry,hyperbolic geometry,geometry and topology,wave16-gap,unclassified-review,catalog-only,V16 catalog,"owner classification, Feature Capsule, conformance, implementation disposition"
geometry-and-topology-metric-geometry,metric geometry,geometry and topology,wave16-gap,unclassified-review,catalog-only,V16 catalog,"owner classification, Feature Capsule, conformance, implementation disposition"
geometry-and-topology-convex-geometry,convex geometry,geometry and topology,wave16-gap,unclassified-review,catalog-only,V16 catalog,"owner classification, Feature Capsule, conformance, implementation disposition"
geometry-and-topology-polyhedral-geometry,polyhedral geometry,geometry and topology,wave16-gap,unclassified-review,catalog-only,V16 catalog,"owner classification, Feature Capsule, conformance, implementation disposition"
geometry-and-topology-algebraic-geometry,algebraic geometry,geometry and topology,wave16-gap,unclassified-review,catalog-only,V16 catalog,"owner classification, Feature Capsule, conformance, implementation disposition"
geometry-and-topology-complex-geometry,complex geometry,geometry and topology,wave16-gap,unclassified-review,catalog-only,V16 catalog,"owner classification, Feature Capsule, conformance, implementation disposition"
geometry-and-topology-differential-geometry,differential geometry,geometry and topology,thread-derived,unclassified-review,catalog-only,V16 catalog,"owner classification, Feature Capsule, conformance, implementation disposition"
geometry-and-topology-riemannian-geometry,Riemannian geometry,geometry and topology,wave16-gap,unclassified-review,catalog-only,V16 catalog,"owner classification, Feature Capsule, conformance, implementation disposition"
geometry-and-topology-pseudo-riemannian-geometry,pseudo-Riemannian geometry,geometry and topology,wave16-gap,unclassified-review,catalog-only,V16 catalog,"owner classification, Feature Capsule, conformance, implementation disposition"
geometry-and-topology-symplectic-geometry,symplectic geometry,geometry and topology,wave16-gap,unclassified-review,catalog-only,V16 catalog,"owner classification, Feature Capsule, conformance, implementation disposition"
geometry-and-topology-contact-geometry,contact geometry,geometry and topology,wave16-gap,unclassified-review,catalog-only,V16 catalog,"owner classification, Feature Capsule, conformance, implementation disposition"
geometry-and-topology-finsler-geometry,Finsler geometry,geometry and topology,wave16-gap,unclassified-review,catalog-only,V16 catalog,"owner classification, Feature Capsule, conformance, implementation disposition"
geometry-and-topology-information-geometry,information geometry,geometry and topology,wave16-gap,unclassified-review,catalog-only,V16 catalog,"owner classification, Feature Capsule, conformance, implementation disposition"
geometry-and-topology-computational-geometry,computational geometry,geometry and topology,wave16-gap,unclassified-review,catalog-only,V16 catalog,"owner classification, Feature Capsule, conformance, implementation disposition"
geometry-and-topology-fractal-geometry,fractal geometry,geometry and topology,wave16-gap,unclassified-review,catalog-only,V16 catalog,"owner classification, Feature Capsule, conformance, implementation disposition"
geometry-and-topology-geometric-measure-theory,geometric measure theory,geometry and topology,wave16-gap,unclassified-review,catalog-only,V16 catalog,"owner classification, Feature Capsule, conformance, implementation disposition"
geometry-and-topology-integral-geometry,integral geometry,geometry and topology,wave16-gap,unclassified-review,catalog-only,V16 catalog,"owner classification, Feature Capsule, conformance, implementation disposition"
geometry-and-topology-topology,topology,geometry and topology,thread-derived,unclassified-review,catalog-only,V16 catalog,"owner classification, Feature Capsule, conformance, implementation disposition"
geometry-and-topology-general-topology,general topology,geometry and topology,wave16-gap,unclassified-review,catalog-only,V16 catalog,"owner classification, Feature Capsule, conformance, implementation disposition"
geometry-and-topology-algebraic-topology,algebraic topology,geometry and topology,thread-derived,unclassified-review,catalog-only,V16 catalog,"owner classification, Feature Capsule, conformance, implementation disposition"
geometry-and-topology-differential-topology,differential topology,geometry and topology,wave16-gap,unclassified-review,catalog-only,V16 catalog,"owner classification, Feature Capsule, conformance, implementation disposition"
geometry-and-topology-geometric-topology,geometric topology,geometry and topology,wave16-gap,unclassified-review,catalog-only,V16 catalog,"owner classification, Feature Capsule, conformance, implementation disposition"
geometry-and-topology-low-dimensional-topology,low-dimensional topology,geometry and topology,wave16-gap,unclassified-review,catalog-only,V16 catalog,"owner classification, Feature Capsule, conformance, implementation disposition"
geometry-and-topology-knot-theory,knot theory,geometry and topology,wave16-gap,unclassified-review,catalog-only,V16 catalog,"owner classification, Feature Capsule, conformance, implementation disposition"
geometry-and-topology-homotopy-theory,homotopy theory,geometry and topology,wave16-gap,unclassified-review,catalog-only,V16 catalog,"owner classification, Feature Capsule, conformance, implementation disposition"
geometry-and-topology-homology-theory,homology theory,geometry and topology,wave16-gap,unclassified-review,catalog-only,V16 catalog,"owner classification, Feature Capsule, conformance, implementation disposition"
geometry-and-topology-cohomology-theory,cohomology theory,geometry and topology,wave16-gap,unclassified-review,catalog-only,V16 catalog,"owner classification, Feature Capsule, conformance, implementation disposition"
geometry-and-topology-manifold-theory,manifold theory,geometry and topology,wave16-gap,unclassified-review,catalog-only,V16 catalog,"owner classification, Feature Capsule, conformance, implementation disposition"
geometry-and-topology-fiber-bundles,fiber bundles,geometry and topology,wave16-gap,unclassified-review,catalog-only,V16 catalog,"owner classification, Feature Capsule, conformance, implementation disposition"
geometry-and-topology-characteristic-classes,characteristic classes,geometry and topology,wave16-gap,unclassified-review,catalog-only,V16 catalog,"owner classification, Feature Capsule, conformance, implementation disposition"
geometry-and-topology-orbifolds,orbifolds,geometry and topology,wave16-gap,unclassified-review,catalog-only,V16 catalog,"owner classification, Feature Capsule, conformance, implementation disposition"
geometry-and-topology-stacks,stacks,geometry and topology,wave16-gap,unclassified-review,catalog-only,V16 catalog,"owner classification, Feature Capsule, conformance, implementation disposition"
geometry-and-topology-sheaf-theory,sheaf theory,geometry and topology,wave16-gap,unclassified-review,catalog-only,V16 catalog,"owner classification, Feature Capsule, conformance, implementation disposition"
geometry-and-topology-topos-theory,topos theory,geometry and topology,wave16-gap,unclassified-review,catalog-only,V16 catalog,"owner classification, Feature Capsule, conformance, implementation disposition"
geometry-and-topology-noncommutative-geometry,noncommutative geometry,geometry and topology,wave16-gap,unclassified-review,catalog-only,V16 catalog,"owner classification, Feature Capsule, conformance, implementation disposition"
geometry-and-topology-tropical-geometry,tropical geometry,geometry and topology,wave16-gap,unclassified-review,catalog-only,V16 catalog,"owner classification, Feature Capsule, conformance, implementation disposition"
geometry-and-topology-discrete-differential-geometry,discrete differential geometry,geometry and topology,wave16-gap,unclassified-review,catalog-only,V16 catalog,"owner classification, Feature Capsule, conformance, implementation disposition"
analysis-calculus-and-equations-arithmetic-and-pre-calculus,arithmetic and pre-calculus,"analysis, calculus, and equations",wave16-gap,unclassified-review,catalog-only,V16 catalog,"owner classification, Feature Capsule, conformance, implementation disposition"
analysis-calculus-and-equations-single-variable-calculus,single-variable calculus,"analysis, calculus, and equations",wave16-gap,unclassified-review,catalog-only,V16 catalog,"owner classification, Feature Capsule, conformance, implementation disposition"
analysis-calculus-and-equations-multivariable-calculus,multivariable calculus,"analysis, calculus, and equations",wave16-gap,unclassified-review,catalog-only,V16 catalog,"owner classification, Feature Capsule, conformance, implementation disposition"
analysis-calculus-and-equations-vector-calculus,vector calculus,"analysis, calculus, and equations",wave16-gap,unclassified-review,catalog-only,V16 catalog,"owner classification, Feature Capsule, conformance, implementation disposition"
analysis-calculus-and-equations-tensor-calculus,tensor calculus,"analysis, calculus, and equations",thread-derived,unclassified-review,catalog-only,V16 catalog,"owner classification, Feature Capsule, conformance, implementation disposition"
analysis-calculus-and-equations-real-analysis,real analysis,"analysis, calculus, and equations",wave16-gap,unclassified-review,catalog-only,V16 catalog,"owner classification, Feature Capsule, conformance, implementation disposition"
analysis-calculus-and-equations-complex-analysis,complex analysis,"analysis, calculus, and equations",wave16-gap,unclassified-review,catalog-only,V16 catalog,"owner classification, Feature Capsule, conformance, implementation disposition"
analysis-calculus-and-equations-several-complex-variables,several complex variables,"analysis, calculus, and equations",wave16-gap,unclassified-review,catalog-only,V16 catalog,"owner classification, Feature Capsule, conformance, implementation disposition"
analysis-calculus-and-equations-measure-theory,measure theory,"analysis, calculus, and equations",thread-derived,unclassified-review,catalog-only,V16 catalog,"owner classification, Feature Capsule, conformance, implementation disposition"
analysis-calculus-and-equations-integration-theory,integration theory,"analysis, calculus, and equations",wave16-gap,unclassified-review,catalog-only,V16 catalog,"owner classification, Feature Capsule, conformance, implementation disposition"
analysis-calculus-and-equations-functional-analysis,functional analysis,"analysis, calculus, and equations",thread-derived,unclassified-review,catalog-only,V16 catalog,"owner classification, Feature Capsule, conformance, implementation disposition"
analysis-calculus-and-equations-operator-theory,operator theory,"analysis, calculus, and equations",thread-derived,unclassified-review,catalog-only,V16 catalog,"owner classification, Feature Capsule, conformance, implementation disposition"
analysis-calculus-and-equations-operator-algebras,operator algebras,"analysis, calculus, and equations",wave16-gap,unclassified-review,catalog-only,V16 catalog,"owner classification, Feature Capsule, conformance, implementation disposition"
analysis-calculus-and-equations-spectral-theory,spectral theory,"analysis, calculus, and equations",wave16-gap,unclassified-review,catalog-only,V16 catalog,"owner classification, Feature Capsule, conformance, implementation disposition"
analysis-calculus-and-equations-harmonic-analysis,harmonic analysis,"analysis, calculus, and equations",wave16-gap,unclassified-review,catalog-only,V16 catalog,"owner classification, Feature Capsule, conformance, implementation disposition"
analysis-calculus-and-equations-abstract-harmonic-analysis,abstract harmonic analysis,"analysis, calculus, and equations",wave16-gap,unclassified-review,catalog-only,V16 catalog,"owner classification, Feature Capsule, conformance, implementation disposition"
analysis-calculus-and-equations-fourier-analysis,Fourier analysis,"analysis, calculus, and equations",wave16-gap,unclassified-review,catalog-only,V16 catalog,"owner classification, Feature Capsule, conformance, implementation disposition"
analysis-calculus-and-equations-wavelet-analysis,wavelet analysis,"analysis, calculus, and equations",wave16-gap,unclassified-review,catalog-only,V16 catalog,"owner classification, Feature Capsule, conformance, implementation disposition"
analysis-calculus-and-equations-potential-theory,potential theory,"analysis, calculus, and equations",wave16-gap,unclassified-review,catalog-only,V16 catalog,"owner classification, Feature Capsule, conformance, implementation disposition"
analysis-calculus-and-equations-special-functions,special functions,"analysis, calculus, and equations",wave16-gap,unclassified-review,catalog-only,V16 catalog,"owner classification, Feature Capsule, conformance, implementation disposition"
analysis-calculus-and-equations-asymptotic-analysis,asymptotic analysis,"analysis, calculus, and equations",wave16-gap,unclassified-review,catalog-only,V16 catalog,"owner classification, Feature Capsule, conformance, implementation disposition"
analysis-calculus-and-equations-approximation-theory,approximation theory,"analysis, calculus, and equations",wave16-gap,unclassified-review,catalog-only,V16 catalog,"owner classification, Feature Capsule, conformance, implementation disposition"
analysis-calculus-and-equations-sequences-and-series,sequences and series,"analysis, calculus, and equations",wave16-gap,unclassified-review,catalog-only,V16 catalog,"owner classification, Feature Capsule, conformance, implementation disposition"
analysis-calculus-and-equations-integral-transforms,integral transforms,"analysis, calculus, and equations",wave16-gap,unclassified-review,catalog-only,V16 catalog,"owner classification, Feature Capsule, conformance, implementation disposition"
analysis-calculus-and-equations-integral-equations,integral equations,"analysis, calculus, and equations",wave16-gap,unclassified-review,catalog-only,V16 catalog,"owner classification, Feature Capsule, conformance, implementation disposition"
analysis-calculus-and-equations-functional-equations,functional equations,"analysis, calculus, and equations",wave16-gap,unclassified-review,catalog-only,V16 catalog,"owner classification, Feature Capsule, conformance, implementation disposition"
analysis-calculus-and-equations-difference-equations,difference equations,"analysis, calculus, and equations",wave16-gap,unclassified-review,catalog-only,V16 catalog,"owner classification, Feature Capsule, conformance, implementation disposition"
analysis-calculus-and-equations-fractional-calculus,fractional calculus,"analysis, calculus, and equations",wave16-gap,unclassified-review,catalog-only,V16 catalog,"owner classification, Feature Capsule, conformance, implementation disposition"
analysis-calculus-and-equations-distribution-theory,distribution theory,"analysis, calculus, and equations",wave16-gap,unclassified-review,catalog-only,V16 catalog,"owner classification, Feature Capsule, conformance, implementation disposition"
analysis-calculus-and-equations-sobolev-spaces,Sobolev spaces,"analysis, calculus, and equations",wave16-gap,unclassified-review,catalog-only,V16 catalog,"owner classification, Feature Capsule, conformance, implementation disposition"
analysis-calculus-and-equations-microlocal-analysis,microlocal analysis,"analysis, calculus, and equations",wave16-gap,unclassified-review,catalog-only,V16 catalog,"owner classification, Feature Capsule, conformance, implementation disposition"
analysis-calculus-and-equations-nonlinear-analysis,nonlinear analysis,"analysis, calculus, and equations",wave16-gap,unclassified-review,catalog-only,V16 catalog,"owner classification, Feature Capsule, conformance, implementation disposition"
analysis-calculus-and-equations-fixed-point-theory,fixed-point theory,"analysis, calculus, and equations",wave16-gap,unclassified-review,catalog-only,V16 catalog,"owner classification, Feature Capsule, conformance, implementation disposition"
analysis-calculus-and-equations-convex-analysis,convex analysis,"analysis, calculus, and equations",wave16-gap,unclassified-review,catalog-only,V16 catalog,"owner classification, Feature Capsule, conformance, implementation disposition"
analysis-calculus-and-equations-calculus-of-variations,calculus of variations,"analysis, calculus, and equations",wave16-gap,unclassified-review,catalog-only,V16 catalog,"owner classification, Feature Capsule, conformance, implementation disposition"
analysis-calculus-and-equations-optimal-transport,optimal transport,"analysis, calculus, and equations",wave16-gap,unclassified-review,catalog-only,V16 catalog,"owner classification, Feature Capsule, conformance, implementation disposition"
analysis-calculus-and-equations-inverse-problems,inverse problems,"analysis, calculus, and equations",wave16-gap,unclassified-review,catalog-only,V16 catalog,"owner classification, Feature Capsule, conformance, implementation disposition"
analysis-calculus-and-equations-geometric-analysis,geometric analysis,"analysis, calculus, and equations",wave16-gap,unclassified-review,catalog-only,V16 catalog,"owner classification, Feature Capsule, conformance, implementation disposition"
analysis-calculus-and-equations-ordinary-differential-equations,ordinary differential equations,"analysis, calculus, and equations",thread-derived,unclassified-review,catalog-only,V16 catalog,"owner classification, Feature Capsule, conformance, implementation disposition"
analysis-calculus-and-equations-partial-differential-equations,partial differential equations,"analysis, calculus, and equations",thread-derived,unclassified-review,catalog-only,V16 catalog,"owner classification, Feature Capsule, conformance, implementation disposition"
analysis-calculus-and-equations-differential-algebraic-equations,differential-algebraic equations,"analysis, calculus, and equations",wave16-gap,unclassified-review,catalog-only,V16 catalog,"owner classification, Feature Capsule, conformance, implementation disposition"
analysis-calculus-and-equations-delay-differential-equations,delay differential equations,"analysis, calculus, and equations",wave16-gap,unclassified-review,catalog-only,V16 catalog,"owner classification, Feature Capsule, conformance, implementation disposition"
analysis-calculus-and-equations-stochastic-differential-equations,stochastic differential equations,"analysis, calculus, and equations",wave16-gap,unclassified-review,catalog-only,V16 catalog,"owner classification, Feature Capsule, conformance, implementation disposition"
analysis-calculus-and-equations-elliptic-pde,elliptic PDE,"analysis, calculus, and equations",wave16-gap,unclassified-review,catalog-only,V16 catalog,"owner classification, Feature Capsule, conformance, implementation disposition"
analysis-calculus-and-equations-parabolic-pde,parabolic PDE,"analysis, calculus, and equations",wave16-gap,unclassified-review,catalog-only,V16 catalog,"owner classification, Feature Capsule, conformance, implementation disposition"
analysis-calculus-and-equations-hyperbolic-pde,hyperbolic PDE,"analysis, calculus, and equations",wave16-gap,unclassified-review,catalog-only,V16 catalog,"owner classification, Feature Capsule, conformance, implementation disposition"
analysis-calculus-and-equations-conservation-laws,conservation laws,"analysis, calculus, and equations",wave16-gap,unclassified-review,catalog-only,V16 catalog,"owner classification, Feature Capsule, conformance, implementation disposition"
analysis-calculus-and-equations-reaction-diffusion-systems,reaction-diffusion systems,"analysis, calculus, and equations",wave16-gap,unclassified-review,catalog-only,V16 catalog,"owner classification, Feature Capsule, conformance, implementation disposition"
analysis-calculus-and-equations-boundary-value-problems,boundary-value problems,"analysis, calculus, and equations",wave16-gap,unclassified-review,catalog-only,V16 catalog,"owner classification, Feature Capsule, conformance, implementation disposition"
analysis-calculus-and-equations-initial-value-problems,initial-value problems,"analysis, calculus, and equations",wave16-gap,unclassified-review,catalog-only,V16 catalog,"owner classification, Feature Capsule, conformance, implementation disposition"
analysis-calculus-and-equations-dynamical-systems,dynamical systems,"analysis, calculus, and equations",thread-derived,unclassified-review,catalog-only,V16 catalog,"owner classification, Feature Capsule, conformance, implementation disposition"
analysis-calculus-and-equations-ergodic-theory,ergodic theory,"analysis, calculus, and equations",wave16-gap,unclassified-review,catalog-only,V16 catalog,"owner classification, Feature Capsule, conformance, implementation disposition"
analysis-calculus-and-equations-chaos-theory,chaos theory,"analysis, calculus, and equations",wave16-gap,unclassified-review,catalog-only,V16 catalog,"owner classification, Feature Capsule, conformance, implementation disposition"
analysis-calculus-and-equations-bifurcation-theory,bifurcation theory,"analysis, calculus, and equations",wave16-gap,unclassified-review,catalog-only,V16 catalog,"owner classification, Feature Capsule, conformance, implementation disposition"
analysis-calculus-and-equations-hamiltonian-systems,Hamiltonian systems,"analysis, calculus, and equations",wave16-gap,unclassified-review,catalog-only,V16 catalog,"owner classification, Feature Capsule, conformance, implementation disposition"
analysis-calculus-and-equations-lagrangian-systems,Lagrangian systems,"analysis, calculus, and equations",wave16-gap,unclassified-review,catalog-only,V16 catalog,"owner classification, Feature Capsule, conformance, implementation disposition"
probability-and-statistics-probability-theory,probability theory,probability and statistics,wave16-gap,unclassified-review,catalog-only,V16 catalog,"owner classification, Feature Capsule, conformance, implementation disposition"
probability-and-statistics-measure-theoretic-probability,measure-theoretic probability,probability and statistics,wave16-gap,unclassified-review,catalog-only,V16 catalog,"owner classification, Feature Capsule, conformance, implementation disposition"
probability-and-statistics-stochastic-processes,stochastic processes,probability and statistics,wave16-gap,unclassified-review,catalog-only,V16 catalog,"owner classification, Feature Capsule, conformance, implementation disposition"
probability-and-statistics-markov-chains,Markov chains,probability and statistics,wave16-gap,unclassified-review,catalog-only,V16 catalog,"owner classification, Feature Capsule, conformance, implementation disposition"
probability-and-statistics-markov-processes,Markov processes,probability and statistics,wave16-gap,unclassified-review,catalog-only,V16 catalog,"owner classification, Feature Capsule, conformance, implementation disposition"
probability-and-statistics-martingale-theory,martingale theory,probability and statistics,wave16-gap,unclassified-review,catalog-only,V16 catalog,"owner classification, Feature Capsule, conformance, implementation disposition"
probability-and-statistics-brownian-motion,Brownian motion,probability and statistics,wave16-gap,unclassified-review,catalog-only,V16 catalog,"owner classification, Feature Capsule, conformance, implementation disposition"
probability-and-statistics-l-vy-processes,Lévy processes,probability and statistics,wave16-gap,unclassified-review,catalog-only,V16 catalog,"owner classification, Feature Capsule, conformance, implementation disposition"
probability-and-statistics-random-fields,random fields,probability and statistics,wave16-gap,unclassified-review,catalog-only,V16 catalog,"owner classification, Feature Capsule, conformance, implementation disposition"
probability-and-statistics-point-processes,point processes,probability and statistics,wave16-gap,unclassified-review,catalog-only,V16 catalog,"owner classification, Feature Capsule, conformance, implementation disposition"
probability-and-statistics-stochastic-geometry,stochastic geometry,probability and statistics,wave16-gap,unclassified-review,catalog-only,V16 catalog,"owner classification, Feature Capsule, conformance, implementation disposition"
probability-and-statistics-percolation-theory,percolation theory,probability and statistics,wave16-gap,unclassified-review,catalog-only,V16 catalog,"owner classification, Feature Capsule, conformance, implementation disposition"
probability-and-statistics-random-graphs,random graphs,probability and statistics,wave16-gap,unclassified-review,catalog-only,V16 catalog,"owner classification, Feature Capsule, conformance, implementation disposition"
probability-and-statistics-random-matrix-theory,random matrix theory,probability and statistics,wave16-gap,unclassified-review,catalog-only,V16 catalog,"owner classification, Feature Capsule, conformance, implementation disposition"
probability-and-statistics-interacting-particle-systems,interacting particle systems,probability and statistics,wave16-gap,unclassified-review,catalog-only,V16 catalog,"owner classification, Feature Capsule, conformance, implementation disposition"
probability-and-statistics-queueing-theory,queueing theory,probability and statistics,wave16-gap,unclassified-review,catalog-only,V16 catalog,"owner classification, Feature Capsule, conformance, implementation disposition"
probability-and-statistics-reliability-theory,reliability theory,probability and statistics,wave16-gap,unclassified-review,catalog-only,V16 catalog,"owner classification, Feature Capsule, conformance, implementation disposition"
probability-and-statistics-extreme-value-theory,extreme value theory,probability and statistics,wave16-gap,unclassified-review,catalog-only,V16 catalog,"owner classification, Feature Capsule, conformance, implementation disposition"
probability-and-statistics-bayesian-statistics,Bayesian statistics,probability and statistics,wave16-gap,unclassified-review,catalog-only,V16 catalog,"owner classification, Feature Capsule, conformance, implementation disposition"
probability-and-statistics-frequentist-statistics,frequentist statistics,probability and statistics,wave16-gap,unclassified-review,catalog-only,V16 catalog,"owner classification, Feature Capsule, conformance, implementation disposition"
probability-and-statistics-likelihood-theory,likelihood theory,probability and statistics,wave16-gap,unclassified-review,catalog-only,V16 catalog,"owner classification, Feature Capsule, conformance, implementation disposition"
probability-and-statistics-statistical-decision-theory,statistical decision theory,probability and statistics,wave16-gap,unclassified-review,catalog-only,V16 catalog,"owner classification, Feature Capsule, conformance, implementation disposition"
probability-and-statistics-causal-inference,causal inference,probability and statistics,wave16-gap,unclassified-review,catalog-only,V16 catalog,"owner classification, Feature Capsule, conformance, implementation disposition"
probability-and-statistics-experimental-design,experimental design,probability and statistics,wave16-gap,unclassified-review,catalog-only,V16 catalog,"owner classification, Feature Capsule, conformance, implementation disposition"
probability-and-statistics-regression-analysis,regression analysis,probability and statistics,wave16-gap,unclassified-review,catalog-only,V16 catalog,"owner classification, Feature Capsule, conformance, implementation disposition"
probability-and-statistics-classification,classification,probability and statistics,wave16-gap,unclassified-review,catalog-only,V16 catalog,"owner classification, Feature Capsule, conformance, implementation disposition"
probability-and-statistics-time-series-analysis,time-series analysis,probability and statistics,wave16-gap,unclassified-review,catalog-only,V16 catalog,"owner classification, Feature Capsule, conformance, implementation disposition"
probability-and-statistics-spatial-statistics,spatial statistics,probability and statistics,wave16-gap,unclassified-review,catalog-only,V16 catalog,"owner classification, Feature Capsule, conformance, implementation disposition"
probability-and-statistics-multivariate-statistics,multivariate statistics,probability and statistics,wave16-gap,unclassified-review,catalog-only,V16 catalog,"owner classification, Feature Capsule, conformance, implementation disposition"
probability-and-statistics-nonparametric-statistics,nonparametric statistics,probability and statistics,wave16-gap,unclassified-review,catalog-only,V16 catalog,"owner classification, Feature Capsule, conformance, implementation disposition"
probability-and-statistics-semiparametric-statistics,semiparametric statistics,probability and statistics,wave16-gap,unclassified-review,catalog-only,V16 catalog,"owner classification, Feature Capsule, conformance, implementation disposition"
probability-and-statistics-robust-statistics,robust statistics,probability and statistics,wave16-gap,unclassified-review,catalog-only,V16 catalog,"owner classification, Feature Capsule, conformance, implementation disposition"
probability-and-statistics-high-dimensional-statistics,high-dimensional statistics,probability and statistics,wave16-gap,unclassified-review,catalog-only,V16 catalog,"owner classification, Feature Capsule, conformance, implementation disposition"
probability-and-statistics-survival-analysis,survival analysis,probability and statistics,wave16-gap,unclassified-review,catalog-only,V16 catalog,"owner classification, Feature Capsule, conformance, implementation disposition"
probability-and-statistics-statistical-learning-theory,statistical learning theory,probability and statistics,wave16-gap,unclassified-review,catalog-only,V16 catalog,"owner classification, Feature Capsule, conformance, implementation disposition"
probability-and-statistics-uncertainty-quantification,uncertainty quantification,probability and statistics,wave16-gap,unclassified-review,catalog-only,V16 catalog,"owner classification, Feature Capsule, conformance, implementation disposition"
probability-and-statistics-monte-carlo-methods,Monte Carlo methods,probability and statistics,wave16-gap,unclassified-review,catalog-only,V16 catalog,"owner classification, Feature Capsule, conformance, implementation disposition"
probability-and-statistics-sequential-analysis,sequential analysis,probability and statistics,wave16-gap,unclassified-review,catalog-only,V16 catalog,"owner classification, Feature Capsule, conformance, implementation disposition"
probability-and-statistics-imprecise-probability,imprecise probability,probability and statistics,wave16-gap,unclassified-review,catalog-only,V16 catalog,"owner classification, Feature Capsule, conformance, implementation disposition"
numerics-optimization-operations-and-control-numerical-analysis,numerical analysis,"numerics, optimization, operations, and control",thread-derived,unclassified-review,catalog-only,V16 catalog,"owner classification, Feature Capsule, conformance, implementation disposition"
numerics-optimization-operations-and-control-floating-point-analysis,floating-point analysis,"numerics, optimization, operations, and control",wave16-gap,unclassified-review,catalog-only,V16 catalog,"owner classification, Feature Capsule, conformance, implementation disposition"
numerics-optimization-operations-and-control-interval-analysis,interval analysis,"numerics, optimization, operations, and control",wave16-gap,unclassified-review,catalog-only,V16 catalog,"owner classification, Feature Capsule, conformance, implementation disposition"
numerics-optimization-operations-and-control-arbitrary-precision-arithmetic,arbitrary-precision arithmetic,"numerics, optimization, operations, and control",wave16-gap,unclassified-review,catalog-only,V16 catalog,"owner classification, Feature Capsule, conformance, implementation disposition"
numerics-optimization-operations-and-control-numerical-linear-algebra,numerical linear algebra,"numerics, optimization, operations, and control",wave16-gap,unclassified-review,catalog-only,V16 catalog,"owner classification, Feature Capsule, conformance, implementation disposition"
numerics-optimization-operations-and-control-root-finding,root finding,"numerics, optimization, operations, and control",wave16-gap,unclassified-review,catalog-only,V16 catalog,"owner classification, Feature Capsule, conformance, implementation disposition"
numerics-optimization-operations-and-control-interpolation,interpolation,"numerics, optimization, operations, and control",wave16-gap,unclassified-review,catalog-only,V16 catalog,"owner classification, Feature Capsule, conformance, implementation disposition"
numerics-optimization-operations-and-control-numerical-quadrature,numerical quadrature,"numerics, optimization, operations, and control",wave16-gap,unclassified-review,catalog-only,V16 catalog,"owner classification, Feature Capsule, conformance, implementation disposition"
numerics-optimization-operations-and-control-numerical-differentiation,numerical differentiation,"numerics, optimization, operations, and control",wave16-gap,unclassified-review,catalog-only,V16 catalog,"owner classification, Feature Capsule, conformance, implementation disposition"
numerics-optimization-operations-and-control-automatic-differentiation,automatic differentiation,"numerics, optimization, operations, and control",wave16-gap,unclassified-review,catalog-only,V16 catalog,"owner classification, Feature Capsule, conformance, implementation disposition"
numerics-optimization-operations-and-control-finite-difference-methods,finite difference methods,"numerics, optimization, operations, and control",wave16-gap,unclassified-review,catalog-only,V16 catalog,"owner classification, Feature Capsule, conformance, implementation disposition"
numerics-optimization-operations-and-control-finite-element-methods,finite element methods,"numerics, optimization, operations, and control",wave16-gap,unclassified-review,catalog-only,V16 catalog,"owner classification, Feature Capsule, conformance, implementation disposition"
numerics-optimization-operations-and-control-finite-volume-methods,finite volume methods,"numerics, optimization, operations, and control",wave16-gap,unclassified-review,catalog-only,V16 catalog,"owner classification, Feature Capsule, conformance, implementation disposition"
numerics-optimization-operations-and-control-boundary-element-methods,boundary element methods,"numerics, optimization, operations, and control",wave16-gap,unclassified-review,catalog-only,V16 catalog,"owner classification, Feature Capsule, conformance, implementation disposition"
numerics-optimization-operations-and-control-spectral-methods,spectral methods,"numerics, optimization, operations, and control",wave16-gap,unclassified-review,catalog-only,V16 catalog,"owner classification, Feature Capsule, conformance, implementation disposition"
numerics-optimization-operations-and-control-meshfree-methods,meshfree methods,"numerics, optimization, operations, and control",wave16-gap,unclassified-review,catalog-only,V16 catalog,"owner classification, Feature Capsule, conformance, implementation disposition"
numerics-optimization-operations-and-control-multigrid-methods,multigrid methods,"numerics, optimization, operations, and control",wave16-gap,unclassified-review,catalog-only,V16 catalog,"owner classification, Feature Capsule, conformance, implementation disposition"
numerics-optimization-operations-and-control-sparse-numerical-methods,sparse numerical methods,"numerics, optimization, operations, and control",wave16-gap,unclassified-review,catalog-only,V16 catalog,"owner classification, Feature Capsule, conformance, implementation disposition"
numerics-optimization-operations-and-control-scientific-computing,scientific computing,"numerics, optimization, operations, and control",wave16-gap,unclassified-review,catalog-only,V16 catalog,"owner classification, Feature Capsule, conformance, implementation disposition"
numerics-optimization-operations-and-control-high-performance-computing,high-performance computing,"numerics, optimization, operations, and control",wave16-gap,unclassified-review,catalog-only,V16 catalog,"owner classification, Feature Capsule, conformance, implementation disposition"
numerics-optimization-operations-and-control-optimization,optimization,"numerics, optimization, operations, and control",thread-derived,unclassified-review,catalog-only,V16 catalog,"owner classification, Feature Capsule, conformance, implementation disposition"
numerics-optimization-operations-and-control-convex-optimization,convex optimization,"numerics, optimization, operations, and control",wave16-gap,unclassified-review,catalog-only,V16 catalog,"owner classification, Feature Capsule, conformance, implementation disposition"
numerics-optimization-operations-and-control-nonconvex-optimization,nonconvex optimization,"numerics, optimization, operations, and control",wave16-gap,unclassified-review,catalog-only,V16 catalog,"owner classification, Feature Capsule, conformance, implementation disposition"
numerics-optimization-operations-and-control-discrete-optimization,discrete optimization,"numerics, optimization, operations, and control",wave16-gap,unclassified-review,catalog-only,V16 catalog,"owner classification, Feature Capsule, conformance, implementation disposition"
numerics-optimization-operations-and-control-integer-programming,integer programming,"numerics, optimization, operations, and control",wave16-gap,unclassified-review,catalog-only,V16 catalog,"owner classification, Feature Capsule, conformance, implementation disposition"
numerics-optimization-operations-and-control-linear-programming,linear programming,"numerics, optimization, operations, and control",wave16-gap,unclassified-review,catalog-only,V16 catalog,"owner classification, Feature Capsule, conformance, implementation disposition"
numerics-optimization-operations-and-control-nonlinear-programming,nonlinear programming,"numerics, optimization, operations, and control",wave16-gap,unclassified-review,catalog-only,V16 catalog,"owner classification, Feature Capsule, conformance, implementation disposition"
numerics-optimization-operations-and-control-stochastic-optimization,stochastic optimization,"numerics, optimization, operations, and control",wave16-gap,unclassified-review,catalog-only,V16 catalog,"owner classification, Feature Capsule, conformance, implementation disposition"
numerics-optimization-operations-and-control-robust-optimization,robust optimization,"numerics, optimization, operations, and control",wave16-gap,unclassified-review,catalog-only,V16 catalog,"owner classification, Feature Capsule, conformance, implementation disposition"
numerics-optimization-operations-and-control-multiobjective-optimization,multiobjective optimization,"numerics, optimization, operations, and control",wave16-gap,unclassified-review,catalog-only,V16 catalog,"owner classification, Feature Capsule, conformance, implementation disposition"
numerics-optimization-operations-and-control-global-optimization,global optimization,"numerics, optimization, operations, and control",wave16-gap,unclassified-review,catalog-only,V16 catalog,"owner classification, Feature Capsule, conformance, implementation disposition"
numerics-optimization-operations-and-control-derivative-free-optimization,derivative-free optimization,"numerics, optimization, operations, and control",wave16-gap,unclassified-review,catalog-only,V16 catalog,"owner classification, Feature Capsule, conformance, implementation disposition"
numerics-optimization-operations-and-control-optimal-control,optimal control,"numerics, optimization, operations, and control",wave16-gap,unclassified-review,catalog-only,V16 catalog,"owner classification, Feature Capsule, conformance, implementation disposition"
numerics-optimization-operations-and-control-model-predictive-control,model predictive control,"numerics, optimization, operations, and control",wave16-gap,unclassified-review,catalog-only,V16 catalog,"owner classification, Feature Capsule, conformance, implementation disposition"
numerics-optimization-operations-and-control-variational-inequalities,variational inequalities,"numerics, optimization, operations, and control",wave16-gap,unclassified-review,catalog-only,V16 catalog,"owner classification, Feature Capsule, conformance, implementation disposition"
numerics-optimization-operations-and-control-operations-research,operations research,"numerics, optimization, operations, and control",thread-derived,unclassified-review,catalog-only,V16 catalog,"owner classification, Feature Capsule, conformance, implementation disposition"
numerics-optimization-operations-and-control-scheduling,scheduling,"numerics, optimization, operations, and control",wave16-gap,unclassified-review,catalog-only,V16 catalog,"owner classification, Feature Capsule, conformance, implementation disposition"
numerics-optimization-operations-and-control-routing,routing,"numerics, optimization, operations, and control",wave16-gap,unclassified-review,catalog-only,V16 catalog,"owner classification, Feature Capsule, conformance, implementation disposition"
numerics-optimization-operations-and-control-inventory-theory,inventory theory,"numerics, optimization, operations, and control",wave16-gap,unclassified-review,catalog-only,V16 catalog,"owner classification, Feature Capsule, conformance, implementation disposition"
numerics-optimization-operations-and-control-network-optimization,network optimization,"numerics, optimization, operations, and control",wave16-gap,unclassified-review,catalog-only,V16 catalog,"owner classification, Feature Capsule, conformance, implementation disposition"
numerics-optimization-operations-and-control-simulation-optimization,simulation optimization,"numerics, optimization, operations, and control",wave16-gap,unclassified-review,catalog-only,V16 catalog,"owner classification, Feature Capsule, conformance, implementation disposition"
numerics-optimization-operations-and-control-decision-analysis,decision analysis,"numerics, optimization, operations, and control",wave16-gap,unclassified-review,catalog-only,V16 catalog,"owner classification, Feature Capsule, conformance, implementation disposition"
numerics-optimization-operations-and-control-systems-theory,systems theory,"numerics, optimization, operations, and control",wave16-gap,unclassified-review,catalog-only,V16 catalog,"owner classification, Feature Capsule, conformance, implementation disposition"
numerics-optimization-operations-and-control-control-theory,control theory,"numerics, optimization, operations, and control",thread-derived,unclassified-review,catalog-only,V16 catalog,"owner classification, Feature Capsule, conformance, implementation disposition"
numerics-optimization-operations-and-control-estimation-and-filtering,estimation and filtering,"numerics, optimization, operations, and control",wave16-gap,unclassified-review,catalog-only,V16 catalog,"owner classification, Feature Capsule, conformance, implementation disposition"
numerics-optimization-operations-and-control-signal-processing,signal processing,"numerics, optimization, operations, and control",thread-derived,unclassified-review,catalog-only,V16 catalog,"owner classification, Feature Capsule, conformance, implementation disposition"
computer-science-information-and-ai-algorithms,algorithms,"computer science, information, and AI",wave16-gap,unclassified-review,catalog-only,V16 catalog,"owner classification, Feature Capsule, conformance, implementation disposition"
computer-science-information-and-ai-data-structures,data structures,"computer science, information, and AI",wave16-gap,unclassified-review,catalog-only,V16 catalog,"owner classification, Feature Capsule, conformance, implementation disposition"
computer-science-information-and-ai-computational-complexity,computational complexity,"computer science, information, and AI",wave16-gap,unclassified-review,catalog-only,V16 catalog,"owner classification, Feature Capsule, conformance, implementation disposition"
computer-science-information-and-ai-automata-theory,automata theory,"computer science, information, and AI",wave16-gap,unclassified-review,catalog-only,V16 catalog,"owner classification, Feature Capsule, conformance, implementation disposition"
computer-science-information-and-ai-formal-languages,formal languages,"computer science, information, and AI",wave16-gap,unclassified-review,catalog-only,V16 catalog,"owner classification, Feature Capsule, conformance, implementation disposition"
computer-science-information-and-ai-programming-languages,programming languages,"computer science, information, and AI",wave16-gap,unclassified-review,catalog-only,V16 catalog,"owner classification, Feature Capsule, conformance, implementation disposition"
computer-science-information-and-ai-compiler-theory,compiler theory,"computer science, information, and AI",wave16-gap,unclassified-review,catalog-only,V16 catalog,"owner classification, Feature Capsule, conformance, implementation disposition"
computer-science-information-and-ai-denotational-semantics,denotational semantics,"computer science, information, and AI",thread-derived,unclassified-review,catalog-only,V16 catalog,"owner classification, Feature Capsule, conformance, implementation disposition"
computer-science-information-and-ai-operational-semantics,operational semantics,"computer science, information, and AI",thread-derived,unclassified-review,catalog-only,V16 catalog,"owner classification, Feature Capsule, conformance, implementation disposition"
computer-science-information-and-ai-axiomatic-semantics,axiomatic semantics,"computer science, information, and AI",thread-derived,unclassified-review,catalog-only,V16 catalog,"owner classification, Feature Capsule, conformance, implementation disposition"
computer-science-information-and-ai-type-systems,type systems,"computer science, information, and AI",wave16-gap,unclassified-review,catalog-only,V16 catalog,"owner classification, Feature Capsule, conformance, implementation disposition"
computer-science-information-and-ai-term-rewriting,term rewriting,"computer science, information, and AI",wave16-gap,unclassified-review,catalog-only,V16 catalog,"owner classification, Feature Capsule, conformance, implementation disposition"
computer-science-information-and-ai-symbolic-computation,symbolic computation,"computer science, information, and AI",wave16-gap,unclassified-review,catalog-only,V16 catalog,"owner classification, Feature Capsule, conformance, implementation disposition"
computer-science-information-and-ai-computer-algebra,computer algebra,"computer science, information, and AI",wave16-gap,unclassified-review,catalog-only,V16 catalog,"owner classification, Feature Capsule, conformance, implementation disposition"
computer-science-information-and-ai-formal-verification,formal verification,"computer science, information, and AI",wave16-gap,unclassified-review,catalog-only,V16 catalog,"owner classification, Feature Capsule, conformance, implementation disposition"
computer-science-information-and-ai-model-checking,model checking,"computer science, information, and AI",wave16-gap,unclassified-review,catalog-only,V16 catalog,"owner classification, Feature Capsule, conformance, implementation disposition"
computer-science-information-and-ai-sat-solving,SAT solving,"computer science, information, and AI",wave16-gap,unclassified-review,catalog-only,V16 catalog,"owner classification, Feature Capsule, conformance, implementation disposition"
computer-science-information-and-ai-smt-solving,SMT solving,"computer science, information, and AI",wave16-gap,unclassified-review,catalog-only,V16 catalog,"owner classification, Feature Capsule, conformance, implementation disposition"
computer-science-information-and-ai-constraint-programming,constraint programming,"computer science, information, and AI",wave16-gap,unclassified-review,catalog-only,V16 catalog,"owner classification, Feature Capsule, conformance, implementation disposition"
computer-science-information-and-ai-abstract-interpretation,abstract interpretation,"computer science, information, and AI",wave16-gap,unclassified-review,catalog-only,V16 catalog,"owner classification, Feature Capsule, conformance, implementation disposition"
computer-science-information-and-ai-symbolic-execution,symbolic execution,"computer science, information, and AI",wave16-gap,unclassified-review,catalog-only,V16 catalog,"owner classification, Feature Capsule, conformance, implementation disposition"
computer-science-information-and-ai-databases,databases,"computer science, information, and AI",wave16-gap,unclassified-review,catalog-only,V16 catalog,"owner classification, Feature Capsule, conformance, implementation disposition"
computer-science-information-and-ai-distributed-systems,distributed systems,"computer science, information, and AI",wave16-gap,unclassified-review,catalog-only,V16 catalog,"owner classification, Feature Capsule, conformance, implementation disposition"
computer-science-information-and-ai-concurrent-systems,concurrent systems,"computer science, information, and AI",wave16-gap,unclassified-review,catalog-only,V16 catalog,"owner classification, Feature Capsule, conformance, implementation disposition"
computer-science-information-and-ai-real-time-systems,real-time systems,"computer science, information, and AI",wave16-gap,unclassified-review,catalog-only,V16 catalog,"owner classification, Feature Capsule, conformance, implementation disposition"
computer-science-information-and-ai-computer-networks,computer networks,"computer science, information, and AI",wave16-gap,unclassified-review,catalog-only,V16 catalog,"owner classification, Feature Capsule, conformance, implementation disposition"
computer-science-information-and-ai-information-theory,information theory,"computer science, information, and AI",thread-derived,unclassified-review,catalog-only,V16 catalog,"owner classification, Feature Capsule, conformance, implementation disposition"
computer-science-information-and-ai-coding-theory,coding theory,"computer science, information, and AI",thread-derived,unclassified-review,catalog-only,V16 catalog,"owner classification, Feature Capsule, conformance, implementation disposition"
computer-science-information-and-ai-data-compression,data compression,"computer science, information, and AI",wave16-gap,unclassified-review,catalog-only,V16 catalog,"owner classification, Feature Capsule, conformance, implementation disposition"
computer-science-information-and-ai-communication-theory,communication theory,"computer science, information, and AI",wave16-gap,unclassified-review,catalog-only,V16 catalog,"owner classification, Feature Capsule, conformance, implementation disposition"
computer-science-information-and-ai-circuit-theory,circuit theory,"computer science, information, and AI",wave16-gap,unclassified-review,catalog-only,V16 catalog,"owner classification, Feature Capsule, conformance, implementation disposition"
computer-science-information-and-ai-cryptography,cryptography,"computer science, information, and AI",thread-derived,unclassified-review,catalog-only,V16 catalog,"owner classification, Feature Capsule, conformance, implementation disposition"
computer-science-information-and-ai-quantum-computing,quantum computing,"computer science, information, and AI",wave16-gap,unclassified-review,catalog-only,V16 catalog,"owner classification, Feature Capsule, conformance, implementation disposition"
computer-science-information-and-ai-computer-graphics,computer graphics,"computer science, information, and AI",wave16-gap,unclassified-review,catalog-only,V16 catalog,"owner classification, Feature Capsule, conformance, implementation disposition"
computer-science-information-and-ai-scientific-visualization,scientific visualization,"computer science, information, and AI",wave16-gap,unclassified-review,catalog-only,V16 catalog,"owner classification, Feature Capsule, conformance, implementation disposition"
computer-science-information-and-ai-artificial-intelligence,artificial intelligence,"computer science, information, and AI",wave16-gap,unclassified-review,catalog-only,V16 catalog,"owner classification, Feature Capsule, conformance, implementation disposition"
computer-science-information-and-ai-machine-learning,machine learning,"computer science, information, and AI",thread-derived,unclassified-review,catalog-only,V16 catalog,"owner classification, Feature Capsule, conformance, implementation disposition"
computer-science-information-and-ai-deep-learning,deep learning,"computer science, information, and AI",wave16-gap,unclassified-review,catalog-only,V16 catalog,"owner classification, Feature Capsule, conformance, implementation disposition"
computer-science-information-and-ai-reinforcement-learning,reinforcement learning,"computer science, information, and AI",wave16-gap,unclassified-review,catalog-only,V16 catalog,"owner classification, Feature Capsule, conformance, implementation disposition"
computer-science-information-and-ai-causal-machine-learning,causal machine learning,"computer science, information, and AI",wave16-gap,unclassified-review,catalog-only,V16 catalog,"owner classification, Feature Capsule, conformance, implementation disposition"
computer-science-information-and-ai-probabilistic-programming,probabilistic programming,"computer science, information, and AI",wave16-gap,unclassified-review,catalog-only,V16 catalog,"owner classification, Feature Capsule, conformance, implementation disposition"
computer-science-information-and-ai-differentiable-programming,differentiable programming,"computer science, information, and AI",wave16-gap,unclassified-review,catalog-only,V16 catalog,"owner classification, Feature Capsule, conformance, implementation disposition"
computer-science-information-and-ai-neuro-symbolic-systems,neuro-symbolic systems,"computer science, information, and AI",wave16-gap,unclassified-review,catalog-only,V16 catalog,"owner classification, Feature Capsule, conformance, implementation disposition"
computer-science-information-and-ai-agent-systems,agent systems,"computer science, information, and AI",wave16-gap,unclassified-review,catalog-only,V16 catalog,"owner classification, Feature Capsule, conformance, implementation disposition"
physics-and-engineering-mathematics-classical-mechanics,classical mechanics,physics and engineering mathematics,wave16-gap,field-pack/theory/capability,catalog-only,V16 catalog,"owner classification, Feature Capsule, conformance, implementation disposition"
physics-and-engineering-mathematics-analytical-mechanics,analytical mechanics,physics and engineering mathematics,wave16-gap,field-pack/theory/capability,catalog-only,V16 catalog,"owner classification, Feature Capsule, conformance, implementation disposition"
physics-and-engineering-mathematics-celestial-mechanics,celestial mechanics,physics and engineering mathematics,wave16-gap,field-pack/theory/capability,catalog-only,V16 catalog,"owner classification, Feature Capsule, conformance, implementation disposition"
physics-and-engineering-mathematics-continuum-mechanics,continuum mechanics,physics and engineering mathematics,wave16-gap,field-pack/theory/capability,catalog-only,V16 catalog,"owner classification, Feature Capsule, conformance, implementation disposition"
physics-and-engineering-mathematics-solid-mechanics,solid mechanics,physics and engineering mathematics,wave16-gap,field-pack/theory/capability,catalog-only,V16 catalog,"owner classification, Feature Capsule, conformance, implementation disposition"
physics-and-engineering-mathematics-elasticity,elasticity,physics and engineering mathematics,wave16-gap,field-pack/theory/capability,catalog-only,V16 catalog,"owner classification, Feature Capsule, conformance, implementation disposition"
physics-and-engineering-mathematics-plasticity,plasticity,physics and engineering mathematics,wave16-gap,field-pack/theory/capability,catalog-only,V16 catalog,"owner classification, Feature Capsule, conformance, implementation disposition"
physics-and-engineering-mathematics-fracture-mechanics,fracture mechanics,physics and engineering mathematics,wave16-gap,field-pack/theory/capability,catalog-only,V16 catalog,"owner classification, Feature Capsule, conformance, implementation disposition"
physics-and-engineering-mathematics-fluid-mechanics,fluid mechanics,physics and engineering mathematics,wave16-gap,field-pack/theory/capability,catalog-only,V16 catalog,"owner classification, Feature Capsule, conformance, implementation disposition"
physics-and-engineering-mathematics-computational-fluid-dynamics,computational fluid dynamics,physics and engineering mathematics,wave16-gap,field-pack/theory/capability,catalog-only,V16 catalog,"owner classification, Feature Capsule, conformance, implementation disposition"
physics-and-engineering-mathematics-turbulence,turbulence,physics and engineering mathematics,wave16-gap,field-pack/theory/capability,catalog-only,V16 catalog,"owner classification, Feature Capsule, conformance, implementation disposition"
physics-and-engineering-mathematics-aerodynamics,aerodynamics,physics and engineering mathematics,wave16-gap,field-pack/theory/capability,catalog-only,V16 catalog,"owner classification, Feature Capsule, conformance, implementation disposition"
physics-and-engineering-mathematics-hydrodynamics,hydrodynamics,physics and engineering mathematics,wave16-gap,field-pack/theory/capability,catalog-only,V16 catalog,"owner classification, Feature Capsule, conformance, implementation disposition"
physics-and-engineering-mathematics-acoustics,acoustics,physics and engineering mathematics,wave16-gap,field-pack/theory/capability,catalog-only,V16 catalog,"owner classification, Feature Capsule, conformance, implementation disposition"
physics-and-engineering-mathematics-optics,optics,physics and engineering mathematics,wave16-gap,field-pack/theory/capability,catalog-only,V16 catalog,"owner classification, Feature Capsule, conformance, implementation disposition"
physics-and-engineering-mathematics-electromagnetism,electromagnetism,physics and engineering mathematics,wave16-gap,field-pack/theory/capability,catalog-only,V16 catalog,"owner classification, Feature Capsule, conformance, implementation disposition"
physics-and-engineering-mathematics-electromagnetic-theory,electromagnetic theory,physics and engineering mathematics,wave16-gap,field-pack/theory/capability,catalog-only,V16 catalog,"owner classification, Feature Capsule, conformance, implementation disposition"
physics-and-engineering-mathematics-plasma-physics,plasma physics,physics and engineering mathematics,wave16-gap,field-pack/theory/capability,catalog-only,V16 catalog,"owner classification, Feature Capsule, conformance, implementation disposition"
physics-and-engineering-mathematics-thermodynamics,thermodynamics,physics and engineering mathematics,wave16-gap,field-pack/theory/capability,catalog-only,V16 catalog,"owner classification, Feature Capsule, conformance, implementation disposition"
physics-and-engineering-mathematics-heat-transfer,heat transfer,physics and engineering mathematics,wave16-gap,field-pack/theory/capability,catalog-only,V16 catalog,"owner classification, Feature Capsule, conformance, implementation disposition"
physics-and-engineering-mathematics-statistical-mechanics,statistical mechanics,physics and engineering mathematics,wave16-gap,field-pack/theory/capability,catalog-only,V16 catalog,"owner classification, Feature Capsule, conformance, implementation disposition"
physics-and-engineering-mathematics-condensed-matter-physics,condensed matter physics,physics and engineering mathematics,wave16-gap,field-pack/theory/capability,catalog-only,V16 catalog,"owner classification, Feature Capsule, conformance, implementation disposition"
physics-and-engineering-mathematics-quantum-mechanics,quantum mechanics,physics and engineering mathematics,wave16-gap,field-pack/theory/capability,catalog-only,V16 catalog,"owner classification, Feature Capsule, conformance, implementation disposition"
physics-and-engineering-mathematics-quantum-field-theory,quantum field theory,physics and engineering mathematics,wave16-gap,field-pack/theory/capability,catalog-only,V16 catalog,"owner classification, Feature Capsule, conformance, implementation disposition"
physics-and-engineering-mathematics-quantum-information,quantum information,physics and engineering mathematics,wave16-gap,field-pack/theory/capability,catalog-only,V16 catalog,"owner classification, Feature Capsule, conformance, implementation disposition"
physics-and-engineering-mathematics-relativity,relativity,physics and engineering mathematics,wave16-gap,field-pack/theory/capability,catalog-only,V16 catalog,"owner classification, Feature Capsule, conformance, implementation disposition"
physics-and-engineering-mathematics-general-relativity,general relativity,physics and engineering mathematics,wave16-gap,field-pack/theory/capability,catalog-only,V16 catalog,"owner classification, Feature Capsule, conformance, implementation disposition"
physics-and-engineering-mathematics-gravitational-waves,gravitational waves,physics and engineering mathematics,wave16-gap,field-pack/theory/capability,catalog-only,V16 catalog,"owner classification, Feature Capsule, conformance, implementation disposition"
physics-and-engineering-mathematics-particle-physics,particle physics,physics and engineering mathematics,wave16-gap,field-pack/theory/capability,catalog-only,V16 catalog,"owner classification, Feature Capsule, conformance, implementation disposition"
physics-and-engineering-mathematics-nuclear-physics,nuclear physics,physics and engineering mathematics,wave16-gap,field-pack/theory/capability,catalog-only,V16 catalog,"owner classification, Feature Capsule, conformance, implementation disposition"
physics-and-engineering-mathematics-astronomy,astronomy,physics and engineering mathematics,wave16-gap,field-pack/theory/capability,catalog-only,V16 catalog,"owner classification, Feature Capsule, conformance, implementation disposition"
physics-and-engineering-mathematics-astrophysics,astrophysics,physics and engineering mathematics,wave16-gap,field-pack/theory/capability,catalog-only,V16 catalog,"owner classification, Feature Capsule, conformance, implementation disposition"
physics-and-engineering-mathematics-cosmology,cosmology,physics and engineering mathematics,wave16-gap,field-pack/theory/capability,catalog-only,V16 catalog,"owner classification, Feature Capsule, conformance, implementation disposition"
physics-and-engineering-mathematics-geophysics,geophysics,physics and engineering mathematics,wave16-gap,field-pack/theory/capability,catalog-only,V16 catalog,"owner classification, Feature Capsule, conformance, implementation disposition"
physics-and-engineering-mathematics-seismology,seismology,physics and engineering mathematics,wave16-gap,field-pack/theory/capability,catalog-only,V16 catalog,"owner classification, Feature Capsule, conformance, implementation disposition"
physics-and-engineering-mathematics-geodesy,geodesy,physics and engineering mathematics,wave16-gap,field-pack/theory/capability,catalog-only,V16 catalog,"owner classification, Feature Capsule, conformance, implementation disposition"
physics-and-engineering-mathematics-atmospheric-science,atmospheric science,physics and engineering mathematics,wave16-gap,field-pack/theory/capability,catalog-only,V16 catalog,"owner classification, Feature Capsule, conformance, implementation disposition"
physics-and-engineering-mathematics-oceanography,oceanography,physics and engineering mathematics,wave16-gap,field-pack/theory/capability,catalog-only,V16 catalog,"owner classification, Feature Capsule, conformance, implementation disposition"
physics-and-engineering-mathematics-climate-science,climate science,physics and engineering mathematics,thread-derived,field-pack/theory/capability,catalog-only,V16 catalog,"owner classification, Feature Capsule, conformance, implementation disposition"
physics-and-engineering-mathematics-materials-science,materials science,physics and engineering mathematics,thread-derived,field-pack/theory/capability,catalog-only,V16 catalog,"owner classification, Feature Capsule, conformance, implementation disposition"
physics-and-engineering-mathematics-structural-engineering,structural engineering,physics and engineering mathematics,wave16-gap,field-pack/theory/capability,catalog-only,V16 catalog,"owner classification, Feature Capsule, conformance, implementation disposition"
physics-and-engineering-mathematics-electrical-engineering-mathematics,electrical engineering mathematics,physics and engineering mathematics,wave16-gap,field-pack/theory/capability,catalog-only,V16 catalog,"owner classification, Feature Capsule, conformance, implementation disposition"
physics-and-engineering-mathematics-mechanical-engineering-mathematics,mechanical engineering mathematics,physics and engineering mathematics,wave16-gap,field-pack/theory/capability,catalog-only,V16 catalog,"owner classification, Feature Capsule, conformance, implementation disposition"
physics-and-engineering-mathematics-chemical-engineering-mathematics,chemical engineering mathematics,physics and engineering mathematics,wave16-gap,field-pack/theory/capability,catalog-only,V16 catalog,"owner classification, Feature Capsule, conformance, implementation disposition"
biology-chemistry-medicine-and-earth-systems-mathematical-biology,mathematical biology,"biology, chemistry, medicine, and earth systems",wave16-gap,unclassified-review,catalog-only,V16 catalog,"owner classification, Feature Capsule, conformance, implementation disposition"
biology-chemistry-medicine-and-earth-systems-population-dynamics,population dynamics,"biology, chemistry, medicine, and earth systems",wave16-gap,unclassified-review,catalog-only,V16 catalog,"owner classification, Feature Capsule, conformance, implementation disposition"
biology-chemistry-medicine-and-earth-systems-ecology,ecology,"biology, chemistry, medicine, and earth systems",wave16-gap,unclassified-review,catalog-only,V16 catalog,"owner classification, Feature Capsule, conformance, implementation disposition"
biology-chemistry-medicine-and-earth-systems-evolutionary-dynamics,evolutionary dynamics,"biology, chemistry, medicine, and earth systems",wave16-gap,unclassified-review,catalog-only,V16 catalog,"owner classification, Feature Capsule, conformance, implementation disposition"
biology-chemistry-medicine-and-earth-systems-population-genetics,population genetics,"biology, chemistry, medicine, and earth systems",wave16-gap,unclassified-review,catalog-only,V16 catalog,"owner classification, Feature Capsule, conformance, implementation disposition"
biology-chemistry-medicine-and-earth-systems-quantitative-genetics,quantitative genetics,"biology, chemistry, medicine, and earth systems",wave16-gap,unclassified-review,catalog-only,V16 catalog,"owner classification, Feature Capsule, conformance, implementation disposition"
biology-chemistry-medicine-and-earth-systems-genomics,genomics,"biology, chemistry, medicine, and earth systems",wave16-gap,unclassified-review,catalog-only,V16 catalog,"owner classification, Feature Capsule, conformance, implementation disposition"
biology-chemistry-medicine-and-earth-systems-bioinformatics,bioinformatics,"biology, chemistry, medicine, and earth systems",wave16-gap,unclassified-review,catalog-only,V16 catalog,"owner classification, Feature Capsule, conformance, implementation disposition"
biology-chemistry-medicine-and-earth-systems-systems-biology,systems biology,"biology, chemistry, medicine, and earth systems",wave16-gap,unclassified-review,catalog-only,V16 catalog,"owner classification, Feature Capsule, conformance, implementation disposition"
biology-chemistry-medicine-and-earth-systems-biochemical-reaction-networks,biochemical reaction networks,"biology, chemistry, medicine, and earth systems",wave16-gap,unclassified-review,catalog-only,V16 catalog,"owner classification, Feature Capsule, conformance, implementation disposition"
biology-chemistry-medicine-and-earth-systems-mathematical-neuroscience,mathematical neuroscience,"biology, chemistry, medicine, and earth systems",wave16-gap,unclassified-review,catalog-only,V16 catalog,"owner classification, Feature Capsule, conformance, implementation disposition"
biology-chemistry-medicine-and-earth-systems-computational-neuroscience,computational neuroscience,"biology, chemistry, medicine, and earth systems",wave16-gap,unclassified-review,catalog-only,V16 catalog,"owner classification, Feature Capsule, conformance, implementation disposition"
biology-chemistry-medicine-and-earth-systems-epidemiology,epidemiology,"biology, chemistry, medicine, and earth systems",thread-derived,unclassified-review,catalog-only,V16 catalog,"owner classification, Feature Capsule, conformance, implementation disposition"
biology-chemistry-medicine-and-earth-systems-immunology-modeling,immunology modeling,"biology, chemistry, medicine, and earth systems",wave16-gap,unclassified-review,catalog-only,V16 catalog,"owner classification, Feature Capsule, conformance, implementation disposition"
biology-chemistry-medicine-and-earth-systems-cancer-modeling,cancer modeling,"biology, chemistry, medicine, and earth systems",wave16-gap,unclassified-review,catalog-only,V16 catalog,"owner classification, Feature Capsule, conformance, implementation disposition"
biology-chemistry-medicine-and-earth-systems-physiology,physiology,"biology, chemistry, medicine, and earth systems",wave16-gap,unclassified-review,catalog-only,V16 catalog,"owner classification, Feature Capsule, conformance, implementation disposition"
biology-chemistry-medicine-and-earth-systems-biomechanics,biomechanics,"biology, chemistry, medicine, and earth systems",wave16-gap,unclassified-review,catalog-only,V16 catalog,"owner classification, Feature Capsule, conformance, implementation disposition"
biology-chemistry-medicine-and-earth-systems-morphogenesis,morphogenesis,"biology, chemistry, medicine, and earth systems",wave16-gap,unclassified-review,catalog-only,V16 catalog,"owner classification, Feature Capsule, conformance, implementation disposition"
biology-chemistry-medicine-and-earth-systems-pharmacokinetics,pharmacokinetics,"biology, chemistry, medicine, and earth systems",wave16-gap,unclassified-review,catalog-only,V16 catalog,"owner classification, Feature Capsule, conformance, implementation disposition"
biology-chemistry-medicine-and-earth-systems-pharmacodynamics,pharmacodynamics,"biology, chemistry, medicine, and earth systems",wave16-gap,unclassified-review,catalog-only,V16 catalog,"owner classification, Feature Capsule, conformance, implementation disposition"
biology-chemistry-medicine-and-earth-systems-medical-imaging-mathematics,medical imaging mathematics,"biology, chemistry, medicine, and earth systems",wave16-gap,unclassified-review,catalog-only,V16 catalog,"owner classification, Feature Capsule, conformance, implementation disposition"
biology-chemistry-medicine-and-earth-systems-public-health-modeling,public-health modeling,"biology, chemistry, medicine, and earth systems",wave16-gap,unclassified-review,catalog-only,V16 catalog,"owner classification, Feature Capsule, conformance, implementation disposition"
biology-chemistry-medicine-and-earth-systems-mathematical-chemistry,mathematical chemistry,"biology, chemistry, medicine, and earth systems",wave16-gap,unclassified-review,catalog-only,V16 catalog,"owner classification, Feature Capsule, conformance, implementation disposition"
biology-chemistry-medicine-and-earth-systems-chemical-kinetics,chemical kinetics,"biology, chemistry, medicine, and earth systems",wave16-gap,unclassified-review,catalog-only,V16 catalog,"owner classification, Feature Capsule, conformance, implementation disposition"
biology-chemistry-medicine-and-earth-systems-reaction-network-theory,reaction network theory,"biology, chemistry, medicine, and earth systems",wave16-gap,unclassified-review,catalog-only,V16 catalog,"owner classification, Feature Capsule, conformance, implementation disposition"
biology-chemistry-medicine-and-earth-systems-molecular-modeling,molecular modeling,"biology, chemistry, medicine, and earth systems",wave16-gap,unclassified-review,catalog-only,V16 catalog,"owner classification, Feature Capsule, conformance, implementation disposition"
biology-chemistry-medicine-and-earth-systems-quantum-chemistry,quantum chemistry,"biology, chemistry, medicine, and earth systems",wave16-gap,unclassified-review,catalog-only,V16 catalog,"owner classification, Feature Capsule, conformance, implementation disposition"
biology-chemistry-medicine-and-earth-systems-computational-chemistry,computational chemistry,"biology, chemistry, medicine, and earth systems",wave16-gap,unclassified-review,catalog-only,V16 catalog,"owner classification, Feature Capsule, conformance, implementation disposition"
biology-chemistry-medicine-and-earth-systems-earth-system-science,earth-system science,"biology, chemistry, medicine, and earth systems",wave16-gap,unclassified-review,catalog-only,V16 catalog,"owner classification, Feature Capsule, conformance, implementation disposition"
biology-chemistry-medicine-and-earth-systems-environmental-modeling,environmental modeling,"biology, chemistry, medicine, and earth systems",wave16-gap,unclassified-review,catalog-only,V16 catalog,"owner classification, Feature Capsule, conformance, implementation disposition"
biology-chemistry-medicine-and-earth-systems-hydrology,hydrology,"biology, chemistry, medicine, and earth systems",wave16-gap,unclassified-review,catalog-only,V16 catalog,"owner classification, Feature Capsule, conformance, implementation disposition"
biology-chemistry-medicine-and-earth-systems-cryosphere-modeling,cryosphere modeling,"biology, chemistry, medicine, and earth systems",wave16-gap,unclassified-review,catalog-only,V16 catalog,"owner classification, Feature Capsule, conformance, implementation disposition"
biology-chemistry-medicine-and-earth-systems-soil-and-porous-media-modeling,soil and porous-media modeling,"biology, chemistry, medicine, and earth systems",wave16-gap,unclassified-review,catalog-only,V16 catalog,"owner classification, Feature Capsule, conformance, implementation disposition"
biology-chemistry-medicine-and-earth-systems-planetary-science,planetary science,"biology, chemistry, medicine, and earth systems",wave16-gap,unclassified-review,catalog-only,V16 catalog,"owner classification, Feature Capsule, conformance, implementation disposition"
economics-social-systems-games-and-decisions-game-theory,game theory,"economics, social systems, games, and decisions",thread-derived,unclassified-review,catalog-only,V16 catalog,"owner classification, Feature Capsule, conformance, implementation disposition"
economics-social-systems-games-and-decisions-cooperative-game-theory,cooperative game theory,"economics, social systems, games, and decisions",wave16-gap,unclassified-review,catalog-only,V16 catalog,"owner classification, Feature Capsule, conformance, implementation disposition"
economics-social-systems-games-and-decisions-noncooperative-game-theory,noncooperative game theory,"economics, social systems, games, and decisions",wave16-gap,unclassified-review,catalog-only,V16 catalog,"owner classification, Feature Capsule, conformance, implementation disposition"
economics-social-systems-games-and-decisions-evolutionary-game-theory,evolutionary game theory,"economics, social systems, games, and decisions",wave16-gap,unclassified-review,catalog-only,V16 catalog,"owner classification, Feature Capsule, conformance, implementation disposition"
economics-social-systems-games-and-decisions-mechanism-design,mechanism design,"economics, social systems, games, and decisions",wave16-gap,unclassified-review,catalog-only,V16 catalog,"owner classification, Feature Capsule, conformance, implementation disposition"
economics-social-systems-games-and-decisions-auction-theory,auction theory,"economics, social systems, games, and decisions",wave16-gap,unclassified-review,catalog-only,V16 catalog,"owner classification, Feature Capsule, conformance, implementation disposition"
economics-social-systems-games-and-decisions-social-choice-theory,social choice theory,"economics, social systems, games, and decisions",wave16-gap,unclassified-review,catalog-only,V16 catalog,"owner classification, Feature Capsule, conformance, implementation disposition"
economics-social-systems-games-and-decisions-decision-theory,decision theory,"economics, social systems, games, and decisions",wave16-gap,unclassified-review,catalog-only,V16 catalog,"owner classification, Feature Capsule, conformance, implementation disposition"
economics-social-systems-games-and-decisions-behavioral-decision-theory,behavioral decision theory,"economics, social systems, games, and decisions",wave16-gap,unclassified-review,catalog-only,V16 catalog,"owner classification, Feature Capsule, conformance, implementation disposition"
economics-social-systems-games-and-decisions-economics,economics,"economics, social systems, games, and decisions",thread-derived,unclassified-review,catalog-only,V16 catalog,"owner classification, Feature Capsule, conformance, implementation disposition"
economics-social-systems-games-and-decisions-microeconomics,microeconomics,"economics, social systems, games, and decisions",wave16-gap,unclassified-review,catalog-only,V16 catalog,"owner classification, Feature Capsule, conformance, implementation disposition"
economics-social-systems-games-and-decisions-macroeconomics,macroeconomics,"economics, social systems, games, and decisions",wave16-gap,unclassified-review,catalog-only,V16 catalog,"owner classification, Feature Capsule, conformance, implementation disposition"
economics-social-systems-games-and-decisions-econometrics,econometrics,"economics, social systems, games, and decisions",wave16-gap,unclassified-review,catalog-only,V16 catalog,"owner classification, Feature Capsule, conformance, implementation disposition"
economics-social-systems-games-and-decisions-mathematical-finance,mathematical finance,"economics, social systems, games, and decisions",wave16-gap,unclassified-review,catalog-only,V16 catalog,"owner classification, Feature Capsule, conformance, implementation disposition"
economics-social-systems-games-and-decisions-actuarial-mathematics,actuarial mathematics,"economics, social systems, games, and decisions",wave16-gap,unclassified-review,catalog-only,V16 catalog,"owner classification, Feature Capsule, conformance, implementation disposition"
economics-social-systems-games-and-decisions-risk-theory,risk theory,"economics, social systems, games, and decisions",wave16-gap,unclassified-review,catalog-only,V16 catalog,"owner classification, Feature Capsule, conformance, implementation disposition"
economics-social-systems-games-and-decisions-market-microstructure,market microstructure,"economics, social systems, games, and decisions",wave16-gap,unclassified-review,catalog-only,V16 catalog,"owner classification, Feature Capsule, conformance, implementation disposition"
economics-social-systems-games-and-decisions-operations-economics,operations economics,"economics, social systems, games, and decisions",wave16-gap,unclassified-review,catalog-only,V16 catalog,"owner classification, Feature Capsule, conformance, implementation disposition"
economics-social-systems-games-and-decisions-network-economics,network economics,"economics, social systems, games, and decisions",wave16-gap,unclassified-review,catalog-only,V16 catalog,"owner classification, Feature Capsule, conformance, implementation disposition"
economics-social-systems-games-and-decisions-demography,demography,"economics, social systems, games, and decisions",wave16-gap,unclassified-review,catalog-only,V16 catalog,"owner classification, Feature Capsule, conformance, implementation disposition"
economics-social-systems-games-and-decisions-mathematical-sociology,mathematical sociology,"economics, social systems, games, and decisions",wave16-gap,unclassified-review,catalog-only,V16 catalog,"owner classification, Feature Capsule, conformance, implementation disposition"
economics-social-systems-games-and-decisions-political-modeling,political modeling,"economics, social systems, games, and decisions",wave16-gap,unclassified-review,catalog-only,V16 catalog,"owner classification, Feature Capsule, conformance, implementation disposition"
economics-social-systems-games-and-decisions-agent-based-social-simulation,agent-based social simulation,"economics, social systems, games, and decisions",wave16-gap,unclassified-review,catalog-only,V16 catalog,"owner classification, Feature Capsule, conformance, implementation disposition"
economics-social-systems-games-and-decisions-complex-systems,complex systems,"economics, social systems, games, and decisions",wave16-gap,unclassified-review,catalog-only,V16 catalog,"owner classification, Feature Capsule, conformance, implementation disposition"
economics-social-systems-games-and-decisions-collective-intelligence,collective intelligence,"economics, social systems, games, and decisions",wave16-gap,unclassified-review,catalog-only,V16 catalog,"owner classification, Feature Capsule, conformance, implementation disposition"
economics-social-systems-games-and-decisions-fairness-and-allocation,fairness and allocation,"economics, social systems, games, and decisions",wave16-gap,unclassified-review,catalog-only,V16 catalog,"owner classification, Feature Capsule, conformance, implementation disposition"
foundation-models-and-ai-systems-tokenization,tokenization,foundation models and AI systems,wave16-gap,unclassified-review,catalog-only,V16 catalog,"owner classification, Feature Capsule, conformance, implementation disposition"
foundation-models-and-ai-systems-data-curation-for-models,data curation for models,foundation models and AI systems,wave16-gap,unclassified-review,catalog-only,V16 catalog,"owner classification, Feature Capsule, conformance, implementation disposition"
foundation-models-and-ai-systems-transformer-architecture,Transformer architecture,foundation models and AI systems,wave16-gap,unclassified-review,catalog-only,V16 catalog,"owner classification, Feature Capsule, conformance, implementation disposition"
foundation-models-and-ai-systems-attention-mechanisms,attention mechanisms,foundation models and AI systems,wave16-gap,unclassified-review,catalog-only,V16 catalog,"owner classification, Feature Capsule, conformance, implementation disposition"
foundation-models-and-ai-systems-grouped-query-attention,grouped-query attention,foundation models and AI systems,wave16-gap,unclassified-review,catalog-only,V16 catalog,"owner classification, Feature Capsule, conformance, implementation disposition"
foundation-models-and-ai-systems-multi-query-attention,multi-query attention,foundation models and AI systems,wave16-gap,unclassified-review,catalog-only,V16 catalog,"owner classification, Feature Capsule, conformance, implementation disposition"
foundation-models-and-ai-systems-multi-head-latent-attention,multi-head latent attention,foundation models and AI systems,wave16-gap,unclassified-review,catalog-only,V16 catalog,"owner classification, Feature Capsule, conformance, implementation disposition"
foundation-models-and-ai-systems-mixture-of-experts-models,mixture-of-experts models,foundation models and AI systems,wave16-gap,unclassified-review,catalog-only,V16 catalog,"owner classification, Feature Capsule, conformance, implementation disposition"
foundation-models-and-ai-systems-state-space-sequence-models,state-space sequence models,foundation models and AI systems,wave16-gap,unclassified-review,catalog-only,V16 catalog,"owner classification, Feature Capsule, conformance, implementation disposition"
foundation-models-and-ai-systems-hybrid-sequence-models,hybrid sequence models,foundation models and AI systems,wave16-gap,unclassified-review,catalog-only,V16 catalog,"owner classification, Feature Capsule, conformance, implementation disposition"
foundation-models-and-ai-systems-language-model-objectives,language-model objectives,foundation models and AI systems,wave16-gap,unclassified-review,catalog-only,V16 catalog,"owner classification, Feature Capsule, conformance, implementation disposition"
foundation-models-and-ai-systems-model-pretraining,model pretraining,foundation models and AI systems,wave16-gap,unclassified-review,catalog-only,V16 catalog,"owner classification, Feature Capsule, conformance, implementation disposition"
foundation-models-and-ai-systems-distributed-training,distributed training,foundation models and AI systems,wave16-gap,unclassified-review,catalog-only,V16 catalog,"owner classification, Feature Capsule, conformance, implementation disposition"
foundation-models-and-ai-systems-model-checkpointing,model checkpointing,foundation models and AI systems,wave16-gap,unclassified-review,catalog-only,V16 catalog,"owner classification, Feature Capsule, conformance, implementation disposition"
foundation-models-and-ai-systems-model-post-training,model post-training,foundation models and AI systems,wave16-gap,unclassified-review,catalog-only,V16 catalog,"owner classification, Feature Capsule, conformance, implementation disposition"
foundation-models-and-ai-systems-model-distillation,model distillation,foundation models and AI systems,wave16-gap,unclassified-review,catalog-only,V16 catalog,"owner classification, Feature Capsule, conformance, implementation disposition"
foundation-models-and-ai-systems-parameter-efficient-adaptation,parameter-efficient adaptation,foundation models and AI systems,wave16-gap,unclassified-review,catalog-only,V16 catalog,"owner classification, Feature Capsule, conformance, implementation disposition"
foundation-models-and-ai-systems-model-evaluation,model evaluation,foundation models and AI systems,wave16-gap,unclassified-review,catalog-only,V16 catalog,"owner classification, Feature Capsule, conformance, implementation disposition"
foundation-models-and-ai-systems-model-quantization,model quantization,foundation models and AI systems,wave16-gap,unclassified-review,catalog-only,V16 catalog,"owner classification, Feature Capsule, conformance, implementation disposition"
foundation-models-and-ai-systems-model-serving,model serving,foundation models and AI systems,wave16-gap,unclassified-review,catalog-only,V16 catalog,"owner classification, Feature Capsule, conformance, implementation disposition"
foundation-models-and-ai-systems-retrieval-augmented-generation,retrieval-augmented generation,foundation models and AI systems,wave16-gap,unclassified-review,catalog-only,V16 catalog,"owner classification, Feature Capsule, conformance, implementation disposition"
foundation-models-and-ai-systems-multimodal-foundation-models,multimodal foundation models,foundation models and AI systems,thread-derived,unclassified-review,catalog-only,V16 catalog,"owner classification, Feature Capsule, conformance, implementation disposition"
foundation-models-and-ai-systems-agentic-model-systems,agentic model systems,foundation models and AI systems,wave16-gap,unclassified-review,catalog-only,V16 catalog,"owner classification, Feature Capsule, conformance, implementation disposition"
foundation-models-and-ai-systems-model-lifecycle-provenance,model lifecycle provenance,foundation models and AI systems,wave16-gap,unclassified-review,catalog-only,V16 catalog,"owner classification, Feature Capsule, conformance, implementation disposition"
cryptology-coding-puzzles-and-hidden-state-systems-cryptology,cryptology,"cryptology, coding, puzzles, and hidden-state systems",thread-derived,unclassified-review,catalog-only,V16 catalog,"owner classification, Feature Capsule, conformance, implementation disposition"
cryptology-coding-puzzles-and-hidden-state-systems-classical-ciphers,classical ciphers,"cryptology, coding, puzzles, and hidden-state systems",thread-derived,unclassified-review,catalog-only,V16 catalog,"owner classification, Feature Capsule, conformance, implementation disposition"
cryptology-coding-puzzles-and-hidden-state-systems-symmetric-cryptography,symmetric cryptography,"cryptology, coding, puzzles, and hidden-state systems",thread-derived,unclassified-review,catalog-only,V16 catalog,"owner classification, Feature Capsule, conformance, implementation disposition"
cryptology-coding-puzzles-and-hidden-state-systems-public-key-cryptography,public-key cryptography,"cryptology, coding, puzzles, and hidden-state systems",thread-derived,unclassified-review,catalog-only,V16 catalog,"owner classification, Feature Capsule, conformance, implementation disposition"
cryptology-coding-puzzles-and-hidden-state-systems-post-quantum-cryptography,post-quantum cryptography,"cryptology, coding, puzzles, and hidden-state systems",thread-derived,unclassified-review,catalog-only,V16 catalog,"owner classification, Feature Capsule, conformance, implementation disposition"
cryptology-coding-puzzles-and-hidden-state-systems-cryptanalysis,cryptanalysis,"cryptology, coding, puzzles, and hidden-state systems",thread-derived,unclassified-review,catalog-only,V16 catalog,"owner classification, Feature Capsule, conformance, implementation disposition"
cryptology-coding-puzzles-and-hidden-state-systems-protocol-security,protocol security,"cryptology, coding, puzzles, and hidden-state systems",wave16-gap,unclassified-review,catalog-only,V16 catalog,"owner classification, Feature Capsule, conformance, implementation disposition"
cryptology-coding-puzzles-and-hidden-state-systems-randomness-and-entropy,randomness and entropy,"cryptology, coding, puzzles, and hidden-state systems",wave16-gap,unclassified-review,catalog-only,V16 catalog,"owner classification, Feature Capsule, conformance, implementation disposition"
cryptology-coding-puzzles-and-hidden-state-systems-secret-sharing,secret sharing,"cryptology, coding, puzzles, and hidden-state systems",wave16-gap,unclassified-review,catalog-only,V16 catalog,"owner classification, Feature Capsule, conformance, implementation disposition"
cryptology-coding-puzzles-and-hidden-state-systems-commitment-schemes,commitment schemes,"cryptology, coding, puzzles, and hidden-state systems",wave16-gap,unclassified-review,catalog-only,V16 catalog,"owner classification, Feature Capsule, conformance, implementation disposition"
cryptology-coding-puzzles-and-hidden-state-systems-zero-knowledge-systems,zero-knowledge systems,"cryptology, coding, puzzles, and hidden-state systems",wave16-gap,unclassified-review,catalog-only,V16 catalog,"owner classification, Feature Capsule, conformance, implementation disposition"
cryptology-coding-puzzles-and-hidden-state-systems-secure-multiparty-computation,secure multiparty computation,"cryptology, coding, puzzles, and hidden-state systems",wave16-gap,unclassified-review,catalog-only,V16 catalog,"owner classification, Feature Capsule, conformance, implementation disposition"
cryptology-coding-puzzles-and-hidden-state-systems-steganography,steganography,"cryptology, coding, puzzles, and hidden-state systems",wave16-gap,unclassified-review,catalog-only,V16 catalog,"owner classification, Feature Capsule, conformance, implementation disposition"
cryptology-coding-puzzles-and-hidden-state-systems-constraint-satisfaction,constraint satisfaction,"cryptology, coding, puzzles, and hidden-state systems",thread-derived,unclassified-review,catalog-only,V16 catalog,"owner classification, Feature Capsule, conformance, implementation disposition"
cryptology-coding-puzzles-and-hidden-state-systems-logic-puzzles,logic puzzles,"cryptology, coding, puzzles, and hidden-state systems",thread-derived,unclassified-review,catalog-only,V16 catalog,"owner classification, Feature Capsule, conformance, implementation disposition"
cryptology-coding-puzzles-and-hidden-state-systems-grid-puzzles,grid puzzles,"cryptology, coding, puzzles, and hidden-state systems",thread-derived,unclassified-review,catalog-only,V16 catalog,"owner classification, Feature Capsule, conformance, implementation disposition"
cryptology-coding-puzzles-and-hidden-state-systems-cryptograms,cryptograms,"cryptology, coding, puzzles, and hidden-state systems",thread-derived,unclassified-review,catalog-only,V16 catalog,"owner classification, Feature Capsule, conformance, implementation disposition"
cryptology-coding-puzzles-and-hidden-state-systems-alphametics,alphametics,"cryptology, coding, puzzles, and hidden-state systems",wave16-gap,unclassified-review,catalog-only,V16 catalog,"owner classification, Feature Capsule, conformance, implementation disposition"
cryptology-coding-puzzles-and-hidden-state-systems-word-puzzles,word puzzles,"cryptology, coding, puzzles, and hidden-state systems",thread-derived,unclassified-review,catalog-only,V16 catalog,"owner classification, Feature Capsule, conformance, implementation disposition"
cryptology-coding-puzzles-and-hidden-state-systems-number-puzzles,number puzzles,"cryptology, coding, puzzles, and hidden-state systems",thread-derived,unclassified-review,catalog-only,V16 catalog,"owner classification, Feature Capsule, conformance, implementation disposition"
cryptology-coding-puzzles-and-hidden-state-systems-graph-and-path-puzzles,graph and path puzzles,"cryptology, coding, puzzles, and hidden-state systems",thread-derived,unclassified-review,catalog-only,V16 catalog,"owner classification, Feature Capsule, conformance, implementation disposition"
cryptology-coding-puzzles-and-hidden-state-systems-geometry-puzzles,geometry puzzles,"cryptology, coding, puzzles, and hidden-state systems",thread-derived,unclassified-review,catalog-only,V16 catalog,"owner classification, Feature Capsule, conformance, implementation disposition"
cryptology-coding-puzzles-and-hidden-state-systems-proof-puzzles,proof puzzles,"cryptology, coding, puzzles, and hidden-state systems",thread-derived,unclassified-review,catalog-only,V16 catalog,"owner classification, Feature Capsule, conformance, implementation disposition"
cryptology-coding-puzzles-and-hidden-state-systems-puzzle-generation,puzzle generation,"cryptology, coding, puzzles, and hidden-state systems",thread-derived,unclassified-review,catalog-only,V16 catalog,"owner classification, Feature Capsule, conformance, implementation disposition"
cryptology-coding-puzzles-and-hidden-state-systems-puzzle-difficulty-theory,puzzle difficulty theory,"cryptology, coding, puzzles, and hidden-state systems",thread-derived,unclassified-review,catalog-only,V16 catalog,"owner classification, Feature Capsule, conformance, implementation disposition"
cryptology-coding-puzzles-and-hidden-state-systems-hidden-state-systems,hidden-state systems,"cryptology, coding, puzzles, and hidden-state systems",thread-derived,unclassified-review,catalog-only,V16 catalog,"owner classification, Feature Capsule, conformance, implementation disposition"
cryptology-coding-puzzles-and-hidden-state-systems-knowledge-geometry,knowledge geometry,"cryptology, coding, puzzles, and hidden-state systems",thread-derived,unclassified-review,catalog-only,V16 catalog,"owner classification, Feature Capsule, conformance, implementation disposition"
cryptology-coding-puzzles-and-hidden-state-systems-access-geometry,access geometry,"cryptology, coding, puzzles, and hidden-state systems",thread-derived,unclassified-review,catalog-only,V16 catalog,"owner classification, Feature Capsule, conformance, implementation disposition"
cryptology-coding-puzzles-and-hidden-state-systems-security-games,security games,"cryptology, coding, puzzles, and hidden-state systems",wave16-gap,unclassified-review,catalog-only,V16 catalog,"owner classification, Feature Capsule, conformance, implementation disposition"
mathematics-education-history-and-communication-mathematics-education,mathematics education,"mathematics education, history, and communication",thread-derived,field-pack/theory/capability,catalog-only,V16 catalog,"owner classification, Feature Capsule, conformance, implementation disposition"
mathematics-education-history-and-communication-mathematical-cognition,mathematical cognition,"mathematics education, history, and communication",wave16-gap,field-pack/theory/capability,catalog-only,V16 catalog,"owner classification, Feature Capsule, conformance, implementation disposition"
mathematics-education-history-and-communication-history-of-mathematical-notation,history of mathematical notation,"mathematics education, history, and communication",wave16-gap,field-pack/theory/capability,catalog-only,V16 catalog,"owner classification, Feature Capsule, conformance, implementation disposition"
mathematics-education-history-and-communication-mathematical-exposition,mathematical exposition,"mathematics education, history, and communication",wave16-gap,field-pack/theory/capability,catalog-only,V16 catalog,"owner classification, Feature Capsule, conformance, implementation disposition"
mathematics-education-history-and-communication-mathematics-popularization,mathematics popularization,"mathematics education, history, and communication",wave16-gap,field-pack/theory/capability,catalog-only,V16 catalog,"owner classification, Feature Capsule, conformance, implementation disposition"
mathematics-education-history-and-communication-problem-solving,problem solving,"mathematics education, history, and communication",wave16-gap,field-pack/theory/capability,catalog-only,V16 catalog,"owner classification, Feature Capsule, conformance, implementation disposition"
mathematics-education-history-and-communication-proof-education,proof education,"mathematics education, history, and communication",wave16-gap,field-pack/theory/capability,catalog-only,V16 catalog,"owner classification, Feature Capsule, conformance, implementation disposition"
mathematics-education-history-and-communication-computational-mathematics-education,computational mathematics education,"mathematics education, history, and communication",wave16-gap,field-pack/theory/capability,catalog-only,V16 catalog,"owner classification, Feature Capsule, conformance, implementation disposition"
mathematics-education-history-and-communication-recreational-mathematics-education,recreational mathematics education,"mathematics education, history, and communication",wave16-gap,field-pack/theory/capability,catalog-only,V16 catalog,"owner classification, Feature Capsule, conformance, implementation disposition"
mathematics-education-history-and-communication-philosophy-and-ethics-of-mathematical-software,philosophy and ethics of mathematical software,"mathematics education, history, and communication",wave16-gap,field-pack/theory/capability,catalog-only,V16 catalog,"owner classification, Feature Capsule, conformance, implementation disposition"
core-structural-and-semantic-genesis-worlds-source-world,source world,core structural and Semantic Genesis worlds,thread-derived,world,catalog-only,V16 catalog,"owner classification, Feature Capsule, conformance, implementation disposition"
core-structural-and-semantic-genesis-worlds-glyph-world,glyph world,core structural and Semantic Genesis worlds,wave16-gap,world,catalog-only,V16 catalog,"owner classification, Feature Capsule, conformance, implementation disposition"
core-structural-and-semantic-genesis-worlds-layout-world,layout world,core structural and Semantic Genesis worlds,thread-derived,world,catalog-only,V16 catalog,"owner classification, Feature Capsule, conformance, implementation disposition"
core-structural-and-semantic-genesis-worlds-parse-forest-world,parse-forest world,core structural and Semantic Genesis worlds,thread-derived,world,catalog-only,V16 catalog,"owner classification, Feature Capsule, conformance, implementation disposition"
core-structural-and-semantic-genesis-worlds-canonical-term-world,canonical-term world,core structural and Semantic Genesis worlds,wave16-gap,world,catalog-only,V16 catalog,"owner classification, Feature Capsule, conformance, implementation disposition"
core-structural-and-semantic-genesis-worlds-free-symbolic-world,free symbolic world,core structural and Semantic Genesis worlds,thread-derived,world,catalog-only,V16 catalog,"owner classification, Feature Capsule, conformance, implementation disposition"
core-structural-and-semantic-genesis-worlds-free-term-world,free-term world,core structural and Semantic Genesis worlds,thread-derived,world,catalog-only,V16 catalog,"owner classification, Feature Capsule, conformance, implementation disposition"
core-structural-and-semantic-genesis-worlds-parametric-world,parametric world,core structural and Semantic Genesis worlds,thread-derived,world,catalog-only,V16 catalog,"owner classification, Feature Capsule, conformance, implementation disposition"
core-structural-and-semantic-genesis-worlds-meaning-hole-world,meaning-hole world,core structural and Semantic Genesis worlds,thread-derived,world,catalog-only,V16 catalog,"owner classification, Feature Capsule, conformance, implementation disposition"
core-structural-and-semantic-genesis-worlds-one-point-world,one-point world,core structural and Semantic Genesis worlds,thread-derived,world,catalog-only,V16 catalog,"owner classification, Feature Capsule, conformance, implementation disposition"
core-structural-and-semantic-genesis-worlds-canonical-seeded-algebra,canonical seeded algebra,core structural and Semantic Genesis worlds,thread-derived,world,catalog-only,V16 catalog,"owner classification, Feature Capsule, conformance, implementation disposition"
core-structural-and-semantic-genesis-worlds-canonical-finite-world,canonical finite world,core structural and Semantic Genesis worlds,thread-derived,world,catalog-only,V16 catalog,"owner classification, Feature Capsule, conformance, implementation disposition"
core-structural-and-semantic-genesis-worlds-opaque-binder-world,opaque binder world,core structural and Semantic Genesis worlds,thread-derived,world,catalog-only,V16 catalog,"owner classification, Feature Capsule, conformance, implementation disposition"
core-structural-and-semantic-genesis-worlds-operator-class-finite-world,operator-class finite world,core structural and Semantic Genesis worlds,thread-derived,world,catalog-only,V16 catalog,"owner classification, Feature Capsule, conformance, implementation disposition"
core-structural-and-semantic-genesis-worlds-conventional-mathematical-world,conventional mathematical world,core structural and Semantic Genesis worlds,thread-derived,world,catalog-only,V16 catalog,"owner classification, Feature Capsule, conformance, implementation disposition"
core-structural-and-semantic-genesis-worlds-agent-proposed-world,agent-proposed world,core structural and Semantic Genesis worlds,thread-derived,world,catalog-only,V16 catalog,"owner classification, Feature Capsule, conformance, implementation disposition"
core-structural-and-semantic-genesis-worlds-user-defined-world,user-defined world,core structural and Semantic Genesis worlds,thread-derived,world,catalog-only,V16 catalog,"owner classification, Feature Capsule, conformance, implementation disposition"
core-structural-and-semantic-genesis-worlds-synthesized-finite-world,synthesized finite world,core structural and Semantic Genesis worlds,thread-derived,world,catalog-only,V16 catalog,"owner classification, Feature Capsule, conformance, implementation disposition"
core-structural-and-semantic-genesis-worlds-calibrated-world,calibrated world,core structural and Semantic Genesis worlds,thread-derived,world,catalog-only,V16 catalog,"owner classification, Feature Capsule, conformance, implementation disposition"
core-structural-and-semantic-genesis-worlds-interpretation-portfolio-world,interpretation portfolio world,core structural and Semantic Genesis worlds,thread-derived,world,catalog-only,V16 catalog,"owner classification, Feature Capsule, conformance, implementation disposition"
numeric-and-algebraic-worlds-boolean-world,Boolean world,numeric and algebraic worlds,thread-derived,world,catalog-only,V16 catalog,"owner classification, Feature Capsule, conformance, implementation disposition"
numeric-and-algebraic-worlds-natural-number-world,natural-number world,numeric and algebraic worlds,thread-derived,world,catalog-only,V16 catalog,"owner classification, Feature Capsule, conformance, implementation disposition"
numeric-and-algebraic-worlds-integer-world,integer world,numeric and algebraic worlds,thread-derived,world,catalog-only,V16 catalog,"owner classification, Feature Capsule, conformance, implementation disposition"
numeric-and-algebraic-worlds-rational-world,rational world,numeric and algebraic worlds,thread-derived,world,catalog-only,V16 catalog,"owner classification, Feature Capsule, conformance, implementation disposition"
numeric-and-algebraic-worlds-real-world,real world,numeric and algebraic worlds,thread-derived,world,catalog-only,V16 catalog,"owner classification, Feature Capsule, conformance, implementation disposition"
numeric-and-algebraic-worlds-complex-world,complex world,numeric and algebraic worlds,thread-derived,world,catalog-only,V16 catalog,"owner classification, Feature Capsule, conformance, implementation disposition"
numeric-and-algebraic-worlds-numeric-floating-world,numeric floating world,numeric and algebraic worlds,thread-derived,world,catalog-only,V16 catalog,"owner classification, Feature Capsule, conformance, implementation disposition"
numeric-and-algebraic-worlds-strict-float64-world,strict Float64 world,numeric and algebraic worlds,wave16-gap,world,catalog-only,V16 catalog,"owner classification, Feature Capsule, conformance, implementation disposition"
numeric-and-algebraic-worlds-high-precision-world,high-precision world,numeric and algebraic worlds,wave16-gap,world,catalog-only,V16 catalog,"owner classification, Feature Capsule, conformance, implementation disposition"
numeric-and-algebraic-worlds-modular-world,modular world,numeric and algebraic worlds,wave16-gap,world,catalog-only,V16 catalog,"owner classification, Feature Capsule, conformance, implementation disposition"
numeric-and-algebraic-worlds-mod-17-world,Mod-17 world,numeric and algebraic worlds,thread-derived,world,catalog-only,V16 catalog,"owner classification, Feature Capsule, conformance, implementation disposition"
numeric-and-algebraic-worlds-prime-finite-field-world,prime finite-field world,numeric and algebraic worlds,thread-derived,world,catalog-only,V16 catalog,"owner classification, Feature Capsule, conformance, implementation disposition"
numeric-and-algebraic-worlds-extension-finite-field-world,extension finite-field world,numeric and algebraic worlds,wave16-gap,world,catalog-only,V16 catalog,"owner classification, Feature Capsule, conformance, implementation disposition"
numeric-and-algebraic-worlds-ring-world,ring world,numeric and algebraic worlds,wave16-gap,world,catalog-only,V16 catalog,"owner classification, Feature Capsule, conformance, implementation disposition"
numeric-and-algebraic-worlds-semiring-world,semiring world,numeric and algebraic worlds,wave16-gap,world,catalog-only,V16 catalog,"owner classification, Feature Capsule, conformance, implementation disposition"
numeric-and-algebraic-worlds-idempotent-semiring-world,idempotent semiring world,numeric and algebraic worlds,wave16-gap,world,catalog-only,V16 catalog,"owner classification, Feature Capsule, conformance, implementation disposition"
numeric-and-algebraic-worlds-tropical-min-plus-world,tropical min-plus world,numeric and algebraic worlds,wave16-gap,world,catalog-only,V16 catalog,"owner classification, Feature Capsule, conformance, implementation disposition"
numeric-and-algebraic-worlds-tropical-max-plus-world,tropical max-plus world,numeric and algebraic worlds,wave16-gap,world,catalog-only,V16 catalog,"owner classification, Feature Capsule, conformance, implementation disposition"
numeric-and-algebraic-worlds-group-world,group world,numeric and algebraic worlds,wave16-gap,world,catalog-only,V16 catalog,"owner classification, Feature Capsule, conformance, implementation disposition"
numeric-and-algebraic-worlds-monoid-world,monoid world,numeric and algebraic worlds,wave16-gap,world,catalog-only,V16 catalog,"owner classification, Feature Capsule, conformance, implementation disposition"
numeric-and-algebraic-worlds-module-world,module world,numeric and algebraic worlds,wave16-gap,world,catalog-only,V16 catalog,"owner classification, Feature Capsule, conformance, implementation disposition"
numeric-and-algebraic-worlds-vector-space-world,vector-space world,numeric and algebraic worlds,wave16-gap,world,catalog-only,V16 catalog,"owner classification, Feature Capsule, conformance, implementation disposition"
numeric-and-algebraic-worlds-quaternion-world,quaternion world,numeric and algebraic worlds,wave16-gap,world,catalog-only,V16 catalog,"owner classification, Feature Capsule, conformance, implementation disposition"
numeric-and-algebraic-worlds-octonion-world,octonion world,numeric and algebraic worlds,wave16-gap,world,catalog-only,V16 catalog,"owner classification, Feature Capsule, conformance, implementation disposition"
numeric-and-algebraic-worlds-dual-number-world,dual-number world,numeric and algebraic worlds,wave16-gap,world,catalog-only,V16 catalog,"owner classification, Feature Capsule, conformance, implementation disposition"
numeric-and-algebraic-worlds-hyperdual-number-world,hyperdual-number world,numeric and algebraic worlds,wave16-gap,world,catalog-only,V16 catalog,"owner classification, Feature Capsule, conformance, implementation disposition"
numeric-and-algebraic-worlds-formal-power-series-world,formal-power-series world,numeric and algebraic worlds,wave16-gap,world,catalog-only,V16 catalog,"owner classification, Feature Capsule, conformance, implementation disposition"
numeric-and-algebraic-worlds-laurent-series-world,Laurent-series world,numeric and algebraic worlds,wave16-gap,world,catalog-only,V16 catalog,"owner classification, Feature Capsule, conformance, implementation disposition"
numeric-and-algebraic-worlds-puiseux-series-world,Puiseux-series world,numeric and algebraic worlds,wave16-gap,world,catalog-only,V16 catalog,"owner classification, Feature Capsule, conformance, implementation disposition"
numeric-and-algebraic-worlds-polynomial-world,polynomial world,numeric and algebraic worlds,wave16-gap,world,catalog-only,V16 catalog,"owner classification, Feature Capsule, conformance, implementation disposition"
numeric-and-algebraic-worlds-rational-function-world,rational-function world,numeric and algebraic worlds,wave16-gap,world,catalog-only,V16 catalog,"owner classification, Feature Capsule, conformance, implementation disposition"
numeric-and-algebraic-worlds-p-adic-world,p-adic world,numeric and algebraic worlds,wave16-gap,world,catalog-only,V16 catalog,"owner classification, Feature Capsule, conformance, implementation disposition"
numeric-and-algebraic-worlds-algebraic-number-world,algebraic-number world,numeric and algebraic worlds,wave16-gap,world,catalog-only,V16 catalog,"owner classification, Feature Capsule, conformance, implementation disposition"
numeric-and-algebraic-worlds-surreal-number-world,surreal-number world,numeric and algebraic worlds,wave16-gap,world,catalog-only,V16 catalog,"owner classification, Feature Capsule, conformance, implementation disposition"
numeric-and-algebraic-worlds-ordinal-world,ordinal world,numeric and algebraic worlds,wave16-gap,world,catalog-only,V16 catalog,"owner classification, Feature Capsule, conformance, implementation disposition"
numeric-and-algebraic-worlds-cardinal-world,cardinal world,numeric and algebraic worlds,wave16-gap,world,catalog-only,V16 catalog,"owner classification, Feature Capsule, conformance, implementation disposition"
numeric-and-algebraic-worlds-hyperreal-world,hyperreal world,numeric and algebraic worlds,wave16-gap,world,catalog-only,V16 catalog,"owner classification, Feature Capsule, conformance, implementation disposition"
numeric-and-algebraic-worlds-interval-world,interval world,numeric and algebraic worlds,wave16-gap,world,catalog-only,V16 catalog,"owner classification, Feature Capsule, conformance, implementation disposition"
numeric-and-algebraic-worlds-affine-arithmetic-world,affine-arithmetic world,numeric and algebraic worlds,wave16-gap,world,catalog-only,V16 catalog,"owner classification, Feature Capsule, conformance, implementation disposition"
numeric-and-algebraic-worlds-ball-arithmetic-world,ball-arithmetic world,numeric and algebraic worlds,wave16-gap,world,catalog-only,V16 catalog,"owner classification, Feature Capsule, conformance, implementation disposition"
logic-and-foundation-worlds-classical-logic-world,classical-logic world,logic and foundation worlds,wave16-gap,world,catalog-only,V16 catalog,"owner classification, Feature Capsule, conformance, implementation disposition"
logic-and-foundation-worlds-intuitionistic-world,intuitionistic world,logic and foundation worlds,wave16-gap,world,catalog-only,V16 catalog,"owner classification, Feature Capsule, conformance, implementation disposition"
logic-and-foundation-worlds-linear-logic-world,linear-logic world,logic and foundation worlds,wave16-gap,world,catalog-only,V16 catalog,"owner classification, Feature Capsule, conformance, implementation disposition"
logic-and-foundation-worlds-modal-world,modal world,logic and foundation worlds,wave16-gap,world,catalog-only,V16 catalog,"owner classification, Feature Capsule, conformance, implementation disposition"
logic-and-foundation-worlds-temporal-world,temporal world,logic and foundation worlds,wave16-gap,world,catalog-only,V16 catalog,"owner classification, Feature Capsule, conformance, implementation disposition"
logic-and-foundation-worlds-epistemic-world,epistemic world,logic and foundation worlds,wave16-gap,world,catalog-only,V16 catalog,"owner classification, Feature Capsule, conformance, implementation disposition"
logic-and-foundation-worlds-deontic-world,deontic world,logic and foundation worlds,wave16-gap,world,catalog-only,V16 catalog,"owner classification, Feature Capsule, conformance, implementation disposition"
logic-and-foundation-worlds-many-valued-world,many-valued world,logic and foundation worlds,wave16-gap,world,catalog-only,V16 catalog,"owner classification, Feature Capsule, conformance, implementation disposition"
logic-and-foundation-worlds-fuzzy-world,fuzzy world,logic and foundation worlds,wave16-gap,world,catalog-only,V16 catalog,"owner classification, Feature Capsule, conformance, implementation disposition"
logic-and-foundation-worlds-paraconsistent-world,paraconsistent world,logic and foundation worlds,wave16-gap,world,catalog-only,V16 catalog,"owner classification, Feature Capsule, conformance, implementation disposition"
logic-and-foundation-worlds-probabilistic-logic-world,probabilistic-logic world,logic and foundation worlds,wave16-gap,world,catalog-only,V16 catalog,"owner classification, Feature Capsule, conformance, implementation disposition"
logic-and-foundation-worlds-set-theoretic-world,set-theoretic world,logic and foundation worlds,wave16-gap,world,catalog-only,V16 catalog,"owner classification, Feature Capsule, conformance, implementation disposition"
logic-and-foundation-worlds-constructive-set-world,constructive-set world,logic and foundation worlds,wave16-gap,world,catalog-only,V16 catalog,"owner classification, Feature Capsule, conformance, implementation disposition"
logic-and-foundation-worlds-type-theoretic-world,type-theoretic world,logic and foundation worlds,wave16-gap,world,catalog-only,V16 catalog,"owner classification, Feature Capsule, conformance, implementation disposition"
logic-and-foundation-worlds-dependent-type-world,dependent-type world,logic and foundation worlds,wave16-gap,world,catalog-only,V16 catalog,"owner classification, Feature Capsule, conformance, implementation disposition"
logic-and-foundation-worlds-homotopy-type-world,homotopy-type world,logic and foundation worlds,wave16-gap,world,catalog-only,V16 catalog,"owner classification, Feature Capsule, conformance, implementation disposition"
logic-and-foundation-worlds-category-theoretic-world,category-theoretic world,logic and foundation worlds,wave16-gap,world,catalog-only,V16 catalog,"owner classification, Feature Capsule, conformance, implementation disposition"
logic-and-foundation-worlds-topos-world,topos world,logic and foundation worlds,wave16-gap,world,catalog-only,V16 catalog,"owner classification, Feature Capsule, conformance, implementation disposition"
logic-and-foundation-worlds-nonstandard-world,nonstandard world,logic and foundation worlds,wave16-gap,world,catalog-only,V16 catalog,"owner classification, Feature Capsule, conformance, implementation disposition"
logic-and-foundation-worlds-finite-model-world,finite-model world,logic and foundation worlds,wave16-gap,world,catalog-only,V16 catalog,"owner classification, Feature Capsule, conformance, implementation disposition"
logic-and-foundation-worlds-proof-search-world,proof-search world,logic and foundation worlds,wave16-gap,world,catalog-only,V16 catalog,"owner classification, Feature Capsule, conformance, implementation disposition"
logic-and-foundation-worlds-model-search-world,model-search world,logic and foundation worlds,wave16-gap,world,catalog-only,V16 catalog,"owner classification, Feature Capsule, conformance, implementation disposition"
linear-geometric-and-topological-worlds-vector-world,vector world,"linear, geometric, and topological worlds",wave16-gap,world,catalog-only,V16 catalog,"owner classification, Feature Capsule, conformance, implementation disposition"
linear-geometric-and-topological-worlds-matrix-world,matrix world,"linear, geometric, and topological worlds",thread-derived,world,catalog-only,V16 catalog,"owner classification, Feature Capsule, conformance, implementation disposition"
linear-geometric-and-topological-worlds-2-2-matrix-world,2×2 matrix world,"linear, geometric, and topological worlds",thread-derived,world,catalog-only,V16 catalog,"owner classification, Feature Capsule, conformance, implementation disposition"
linear-geometric-and-topological-worlds-tensor-world,tensor world,"linear, geometric, and topological worlds",thread-derived,world,catalog-only,V16 catalog,"owner classification, Feature Capsule, conformance, implementation disposition"
linear-geometric-and-topological-worlds-sparse-tensor-world,sparse-tensor world,"linear, geometric, and topological worlds",wave16-gap,world,catalog-only,V16 catalog,"owner classification, Feature Capsule, conformance, implementation disposition"
linear-geometric-and-topological-worlds-graph-world,graph world,"linear, geometric, and topological worlds",thread-derived,world,catalog-only,V16 catalog,"owner classification, Feature Capsule, conformance, implementation disposition"
linear-geometric-and-topological-worlds-directed-graph-world,directed-graph world,"linear, geometric, and topological worlds",thread-derived,world,catalog-only,V16 catalog,"owner classification, Feature Capsule, conformance, implementation disposition"
linear-geometric-and-topological-worlds-weighted-graph-world,weighted-graph world,"linear, geometric, and topological worlds",wave16-gap,world,catalog-only,V16 catalog,"owner classification, Feature Capsule, conformance, implementation disposition"
linear-geometric-and-topological-worlds-hypergraph-world,hypergraph world,"linear, geometric, and topological worlds",wave16-gap,world,catalog-only,V16 catalog,"owner classification, Feature Capsule, conformance, implementation disposition"
linear-geometric-and-topological-worlds-tree-world,tree world,"linear, geometric, and topological worlds",wave16-gap,world,catalog-only,V16 catalog,"owner classification, Feature Capsule, conformance, implementation disposition"
linear-geometric-and-topological-worlds-euclidean-geometry-world,Euclidean-geometry world,"linear, geometric, and topological worlds",wave16-gap,world,catalog-only,V16 catalog,"owner classification, Feature Capsule, conformance, implementation disposition"
linear-geometric-and-topological-worlds-affine-geometry-world,affine-geometry world,"linear, geometric, and topological worlds",wave16-gap,world,catalog-only,V16 catalog,"owner classification, Feature Capsule, conformance, implementation disposition"
linear-geometric-and-topological-worlds-projective-geometry-world,projective-geometry world,"linear, geometric, and topological worlds",wave16-gap,world,catalog-only,V16 catalog,"owner classification, Feature Capsule, conformance, implementation disposition"
linear-geometric-and-topological-worlds-spherical-geometry-world,spherical-geometry world,"linear, geometric, and topological worlds",wave16-gap,world,catalog-only,V16 catalog,"owner classification, Feature Capsule, conformance, implementation disposition"
linear-geometric-and-topological-worlds-hyperbolic-geometry-world,hyperbolic-geometry world,"linear, geometric, and topological worlds",wave16-gap,world,catalog-only,V16 catalog,"owner classification, Feature Capsule, conformance, implementation disposition"
linear-geometric-and-topological-worlds-metric-space-world,metric-space world,"linear, geometric, and topological worlds",wave16-gap,world,catalog-only,V16 catalog,"owner classification, Feature Capsule, conformance, implementation disposition"
linear-geometric-and-topological-worlds-normed-space-world,normed-space world,"linear, geometric, and topological worlds",wave16-gap,world,catalog-only,V16 catalog,"owner classification, Feature Capsule, conformance, implementation disposition"
linear-geometric-and-topological-worlds-inner-product-world,inner-product world,"linear, geometric, and topological worlds",wave16-gap,world,catalog-only,V16 catalog,"owner classification, Feature Capsule, conformance, implementation disposition"
linear-geometric-and-topological-worlds-riemannian-world,Riemannian world,"linear, geometric, and topological worlds",wave16-gap,world,catalog-only,V16 catalog,"owner classification, Feature Capsule, conformance, implementation disposition"
linear-geometric-and-topological-worlds-pseudo-riemannian-world,pseudo-Riemannian world,"linear, geometric, and topological worlds",wave16-gap,world,catalog-only,V16 catalog,"owner classification, Feature Capsule, conformance, implementation disposition"
linear-geometric-and-topological-worlds-symplectic-world,symplectic world,"linear, geometric, and topological worlds",wave16-gap,world,catalog-only,V16 catalog,"owner classification, Feature Capsule, conformance, implementation disposition"
linear-geometric-and-topological-worlds-contact-world,contact world,"linear, geometric, and topological worlds",wave16-gap,world,catalog-only,V16 catalog,"owner classification, Feature Capsule, conformance, implementation disposition"
linear-geometric-and-topological-worlds-manifold-world,manifold world,"linear, geometric, and topological worlds",wave16-gap,world,catalog-only,V16 catalog,"owner classification, Feature Capsule, conformance, implementation disposition"
linear-geometric-and-topological-worlds-simplicial-complex-world,simplicial-complex world,"linear, geometric, and topological worlds",wave16-gap,world,catalog-only,V16 catalog,"owner classification, Feature Capsule, conformance, implementation disposition"
linear-geometric-and-topological-worlds-cw-complex-world,CW-complex world,"linear, geometric, and topological worlds",wave16-gap,world,catalog-only,V16 catalog,"owner classification, Feature Capsule, conformance, implementation disposition"
linear-geometric-and-topological-worlds-homotopy-world,homotopy world,"linear, geometric, and topological worlds",wave16-gap,world,catalog-only,V16 catalog,"owner classification, Feature Capsule, conformance, implementation disposition"
linear-geometric-and-topological-worlds-homology-world,homology world,"linear, geometric, and topological worlds",wave16-gap,world,catalog-only,V16 catalog,"owner classification, Feature Capsule, conformance, implementation disposition"
linear-geometric-and-topological-worlds-cohomology-world,cohomology world,"linear, geometric, and topological worlds",wave16-gap,world,catalog-only,V16 catalog,"owner classification, Feature Capsule, conformance, implementation disposition"
linear-geometric-and-topological-worlds-fiber-bundle-world,fiber-bundle world,"linear, geometric, and topological worlds",wave16-gap,world,catalog-only,V16 catalog,"owner classification, Feature Capsule, conformance, implementation disposition"
linear-geometric-and-topological-worlds-sheaf-world,sheaf world,"linear, geometric, and topological worlds",wave16-gap,world,catalog-only,V16 catalog,"owner classification, Feature Capsule, conformance, implementation disposition"
linear-geometric-and-topological-worlds-orbifold-world,orbifold world,"linear, geometric, and topological worlds",wave16-gap,world,catalog-only,V16 catalog,"owner classification, Feature Capsule, conformance, implementation disposition"
linear-geometric-and-topological-worlds-stack-world,stack world,"linear, geometric, and topological worlds",wave16-gap,world,catalog-only,V16 catalog,"owner classification, Feature Capsule, conformance, implementation disposition"
linear-geometric-and-topological-worlds-noncommutative-geometry-world,noncommutative-geometry world,"linear, geometric, and topological worlds",wave16-gap,world,catalog-only,V16 catalog,"owner classification, Feature Capsule, conformance, implementation disposition"
linear-geometric-and-topological-worlds-discrete-geometry-world,discrete-geometry world,"linear, geometric, and topological worlds",wave16-gap,world,catalog-only,V16 catalog,"owner classification, Feature Capsule, conformance, implementation disposition"
analytic-and-functional-worlds-real-analysis-world,real-analysis world,analytic and functional worlds,wave16-gap,world,catalog-only,V16 catalog,"owner classification, Feature Capsule, conformance, implementation disposition"
analytic-and-functional-worlds-complex-analysis-world,complex-analysis world,analytic and functional worlds,wave16-gap,world,catalog-only,V16 catalog,"owner classification, Feature Capsule, conformance, implementation disposition"
analytic-and-functional-worlds-measure-space-world,measure-space world,analytic and functional worlds,wave16-gap,world,catalog-only,V16 catalog,"owner classification, Feature Capsule, conformance, implementation disposition"
analytic-and-functional-worlds-probability-space-world,probability-space world,analytic and functional worlds,thread-derived,world,catalog-only,V16 catalog,"owner classification, Feature Capsule, conformance, implementation disposition"
analytic-and-functional-worlds-banach-space-world,Banach-space world,analytic and functional worlds,wave16-gap,world,catalog-only,V16 catalog,"owner classification, Feature Capsule, conformance, implementation disposition"
analytic-and-functional-worlds-hilbert-space-world,Hilbert-space world,analytic and functional worlds,wave16-gap,world,catalog-only,V16 catalog,"owner classification, Feature Capsule, conformance, implementation disposition"
analytic-and-functional-worlds-distribution-world,distribution world,analytic and functional worlds,wave16-gap,world,catalog-only,V16 catalog,"owner classification, Feature Capsule, conformance, implementation disposition"
analytic-and-functional-worlds-sobolev-world,Sobolev world,analytic and functional worlds,wave16-gap,world,catalog-only,V16 catalog,"owner classification, Feature Capsule, conformance, implementation disposition"
analytic-and-functional-worlds-operator-world,operator world,analytic and functional worlds,wave16-gap,world,catalog-only,V16 catalog,"owner classification, Feature Capsule, conformance, implementation disposition"
analytic-and-functional-worlds-operator-algebra-world,operator-algebra world,analytic and functional worlds,wave16-gap,world,catalog-only,V16 catalog,"owner classification, Feature Capsule, conformance, implementation disposition"
analytic-and-functional-worlds-spectral-world,spectral world,analytic and functional worlds,wave16-gap,world,catalog-only,V16 catalog,"owner classification, Feature Capsule, conformance, implementation disposition"
analytic-and-functional-worlds-fourier-world,Fourier world,analytic and functional worlds,wave16-gap,world,catalog-only,V16 catalog,"owner classification, Feature Capsule, conformance, implementation disposition"
analytic-and-functional-worlds-wavelet-world,wavelet world,analytic and functional worlds,wave16-gap,world,catalog-only,V16 catalog,"owner classification, Feature Capsule, conformance, implementation disposition"
analytic-and-functional-worlds-potential-world,potential world,analytic and functional worlds,wave16-gap,world,catalog-only,V16 catalog,"owner classification, Feature Capsule, conformance, implementation disposition"
analytic-and-functional-worlds-variational-world,variational world,analytic and functional worlds,wave16-gap,world,catalog-only,V16 catalog,"owner classification, Feature Capsule, conformance, implementation disposition"
analytic-and-functional-worlds-optimal-transport-world,optimal-transport world,analytic and functional worlds,wave16-gap,world,catalog-only,V16 catalog,"owner classification, Feature Capsule, conformance, implementation disposition"
analytic-and-functional-worlds-asymptotic-world,asymptotic world,analytic and functional worlds,wave16-gap,world,catalog-only,V16 catalog,"owner classification, Feature Capsule, conformance, implementation disposition"
analytic-and-functional-worlds-branch-cut-world,branch-cut world,analytic and functional worlds,wave16-gap,world,catalog-only,V16 catalog,"owner classification, Feature Capsule, conformance, implementation disposition"
analytic-and-functional-worlds-singularity-world,singularity world,analytic and functional worlds,wave16-gap,world,catalog-only,V16 catalog,"owner classification, Feature Capsule, conformance, implementation disposition"
analytic-and-functional-worlds-microlocal-world,microlocal world,analytic and functional worlds,wave16-gap,world,catalog-only,V16 catalog,"owner classification, Feature Capsule, conformance, implementation disposition"
probabilistic-and-stochastic-worlds-discrete-probability-world,discrete-probability world,probabilistic and stochastic worlds,wave16-gap,world,catalog-only,V16 catalog,"owner classification, Feature Capsule, conformance, implementation disposition"
probabilistic-and-stochastic-worlds-continuous-probability-world,continuous-probability world,probabilistic and stochastic worlds,wave16-gap,world,catalog-only,V16 catalog,"owner classification, Feature Capsule, conformance, implementation disposition"
probabilistic-and-stochastic-worlds-bayesian-world,Bayesian world,probabilistic and stochastic worlds,wave16-gap,world,catalog-only,V16 catalog,"owner classification, Feature Capsule, conformance, implementation disposition"
probabilistic-and-stochastic-worlds-frequentist-world,frequentist world,probabilistic and stochastic worlds,wave16-gap,world,catalog-only,V16 catalog,"owner classification, Feature Capsule, conformance, implementation disposition"
probabilistic-and-stochastic-worlds-imprecise-probability-world,imprecise-probability world,probabilistic and stochastic worlds,wave16-gap,world,catalog-only,V16 catalog,"owner classification, Feature Capsule, conformance, implementation disposition"
probabilistic-and-stochastic-worlds-possibility-world,possibility world,probabilistic and stochastic worlds,wave16-gap,world,catalog-only,V16 catalog,"owner classification, Feature Capsule, conformance, implementation disposition"
probabilistic-and-stochastic-worlds-belief-function-world,belief-function world,probabilistic and stochastic worlds,wave16-gap,world,catalog-only,V16 catalog,"owner classification, Feature Capsule, conformance, implementation disposition"
probabilistic-and-stochastic-worlds-markov-chain-world,Markov-chain world,probabilistic and stochastic worlds,wave16-gap,world,catalog-only,V16 catalog,"owner classification, Feature Capsule, conformance, implementation disposition"
probabilistic-and-stochastic-worlds-continuous-time-markov-world,continuous-time Markov world,probabilistic and stochastic worlds,wave16-gap,world,catalog-only,V16 catalog,"owner classification, Feature Capsule, conformance, implementation disposition"
probabilistic-and-stochastic-worlds-martingale-world,martingale world,probabilistic and stochastic worlds,wave16-gap,world,catalog-only,V16 catalog,"owner classification, Feature Capsule, conformance, implementation disposition"
probabilistic-and-stochastic-worlds-brownian-world,Brownian world,probabilistic and stochastic worlds,wave16-gap,world,catalog-only,V16 catalog,"owner classification, Feature Capsule, conformance, implementation disposition"
probabilistic-and-stochastic-worlds-l-vy-world,Lévy world,probabilistic and stochastic worlds,wave16-gap,world,catalog-only,V16 catalog,"owner classification, Feature Capsule, conformance, implementation disposition"
probabilistic-and-stochastic-worlds-stochastic-differential-world,stochastic-differential world,probabilistic and stochastic worlds,wave16-gap,world,catalog-only,V16 catalog,"owner classification, Feature Capsule, conformance, implementation disposition"
probabilistic-and-stochastic-worlds-random-field-world,random-field world,probabilistic and stochastic worlds,wave16-gap,world,catalog-only,V16 catalog,"owner classification, Feature Capsule, conformance, implementation disposition"
probabilistic-and-stochastic-worlds-point-process-world,point-process world,probabilistic and stochastic worlds,wave16-gap,world,catalog-only,V16 catalog,"owner classification, Feature Capsule, conformance, implementation disposition"
probabilistic-and-stochastic-worlds-random-graph-world,random-graph world,probabilistic and stochastic worlds,wave16-gap,world,catalog-only,V16 catalog,"owner classification, Feature Capsule, conformance, implementation disposition"
probabilistic-and-stochastic-worlds-random-matrix-world,random-matrix world,probabilistic and stochastic worlds,wave16-gap,world,catalog-only,V16 catalog,"owner classification, Feature Capsule, conformance, implementation disposition"
probabilistic-and-stochastic-worlds-monte-carlo-world,Monte-Carlo world,probabilistic and stochastic worlds,wave16-gap,world,catalog-only,V16 catalog,"owner classification, Feature Capsule, conformance, implementation disposition"
probabilistic-and-stochastic-worlds-particle-filter-world,particle-filter world,probabilistic and stochastic worlds,wave16-gap,world,catalog-only,V16 catalog,"owner classification, Feature Capsule, conformance, implementation disposition"
probabilistic-and-stochastic-worlds-gaussian-process-world,Gaussian-process world,probabilistic and stochastic worlds,wave16-gap,world,catalog-only,V16 catalog,"owner classification, Feature Capsule, conformance, implementation disposition"
dynamical-physical-and-scientific-worlds-state-machine-world,state-machine world,"dynamical, physical, and scientific worlds",thread-derived,world,catalog-only,V16 catalog,"owner classification, Feature Capsule, conformance, implementation disposition"
dynamical-physical-and-scientific-worlds-ode-world,ODE world,"dynamical, physical, and scientific worlds",thread-derived,world,catalog-only,V16 catalog,"owner classification, Feature Capsule, conformance, implementation disposition"
dynamical-physical-and-scientific-worlds-dae-world,DAE world,"dynamical, physical, and scientific worlds",thread-derived,world,catalog-only,V16 catalog,"owner classification, Feature Capsule, conformance, implementation disposition"
dynamical-physical-and-scientific-worlds-pde-world,PDE world,"dynamical, physical, and scientific worlds",thread-derived,world,catalog-only,V16 catalog,"owner classification, Feature Capsule, conformance, implementation disposition"
dynamical-physical-and-scientific-worlds-delay-system-world,delay-system world,"dynamical, physical, and scientific worlds",wave16-gap,world,catalog-only,V16 catalog,"owner classification, Feature Capsule, conformance, implementation disposition"
dynamical-physical-and-scientific-worlds-hybrid-system-world,hybrid-system world,"dynamical, physical, and scientific worlds",wave16-gap,world,catalog-only,V16 catalog,"owner classification, Feature Capsule, conformance, implementation disposition"
dynamical-physical-and-scientific-worlds-hamiltonian-world,Hamiltonian world,"dynamical, physical, and scientific worlds",wave16-gap,world,catalog-only,V16 catalog,"owner classification, Feature Capsule, conformance, implementation disposition"
dynamical-physical-and-scientific-worlds-lagrangian-world,Lagrangian world,"dynamical, physical, and scientific worlds",wave16-gap,world,catalog-only,V16 catalog,"owner classification, Feature Capsule, conformance, implementation disposition"
dynamical-physical-and-scientific-worlds-control-system-world,control-system world,"dynamical, physical, and scientific worlds",wave16-gap,world,catalog-only,V16 catalog,"owner classification, Feature Capsule, conformance, implementation disposition"
dynamical-physical-and-scientific-worlds-estimation-world,estimation world,"dynamical, physical, and scientific worlds",wave16-gap,world,catalog-only,V16 catalog,"owner classification, Feature Capsule, conformance, implementation disposition"
dynamical-physical-and-scientific-worlds-agent-based-world,agent-based world,"dynamical, physical, and scientific worlds",wave16-gap,world,catalog-only,V16 catalog,"owner classification, Feature Capsule, conformance, implementation disposition"
dynamical-physical-and-scientific-worlds-cellular-automaton-world,cellular-automaton world,"dynamical, physical, and scientific worlds",wave16-gap,world,catalog-only,V16 catalog,"owner classification, Feature Capsule, conformance, implementation disposition"
dynamical-physical-and-scientific-worlds-reaction-network-world,reaction-network world,"dynamical, physical, and scientific worlds",wave16-gap,world,catalog-only,V16 catalog,"owner classification, Feature Capsule, conformance, implementation disposition"
dynamical-physical-and-scientific-worlds-population-world,population world,"dynamical, physical, and scientific worlds",wave16-gap,world,catalog-only,V16 catalog,"owner classification, Feature Capsule, conformance, implementation disposition"
dynamical-physical-and-scientific-worlds-ecological-world,ecological world,"dynamical, physical, and scientific worlds",wave16-gap,world,catalog-only,V16 catalog,"owner classification, Feature Capsule, conformance, implementation disposition"
dynamical-physical-and-scientific-worlds-epidemiological-world,epidemiological world,"dynamical, physical, and scientific worlds",wave16-gap,world,catalog-only,V16 catalog,"owner classification, Feature Capsule, conformance, implementation disposition"
dynamical-physical-and-scientific-worlds-genetic-world,genetic world,"dynamical, physical, and scientific worlds",wave16-gap,world,catalog-only,V16 catalog,"owner classification, Feature Capsule, conformance, implementation disposition"
dynamical-physical-and-scientific-worlds-neural-world,neural world,"dynamical, physical, and scientific worlds",wave16-gap,world,catalog-only,V16 catalog,"owner classification, Feature Capsule, conformance, implementation disposition"
dynamical-physical-and-scientific-worlds-biochemical-world,biochemical world,"dynamical, physical, and scientific worlds",wave16-gap,world,catalog-only,V16 catalog,"owner classification, Feature Capsule, conformance, implementation disposition"
dynamical-physical-and-scientific-worlds-pharmacokinetic-world,pharmacokinetic world,"dynamical, physical, and scientific worlds",wave16-gap,world,catalog-only,V16 catalog,"owner classification, Feature Capsule, conformance, implementation disposition"
dynamical-physical-and-scientific-worlds-mechanical-world,mechanical world,"dynamical, physical, and scientific worlds",wave16-gap,world,catalog-only,V16 catalog,"owner classification, Feature Capsule, conformance, implementation disposition"
dynamical-physical-and-scientific-worlds-rigid-body-world,rigid-body world,"dynamical, physical, and scientific worlds",wave16-gap,world,catalog-only,V16 catalog,"owner classification, Feature Capsule, conformance, implementation disposition"
dynamical-physical-and-scientific-worlds-continuum-world,continuum world,"dynamical, physical, and scientific worlds",wave16-gap,world,catalog-only,V16 catalog,"owner classification, Feature Capsule, conformance, implementation disposition"
dynamical-physical-and-scientific-worlds-solid-mechanics-world,solid-mechanics world,"dynamical, physical, and scientific worlds",wave16-gap,world,catalog-only,V16 catalog,"owner classification, Feature Capsule, conformance, implementation disposition"
dynamical-physical-and-scientific-worlds-fluid-world,fluid world,"dynamical, physical, and scientific worlds",wave16-gap,world,catalog-only,V16 catalog,"owner classification, Feature Capsule, conformance, implementation disposition"
dynamical-physical-and-scientific-worlds-electromagnetic-world,electromagnetic world,"dynamical, physical, and scientific worlds",wave16-gap,world,catalog-only,V16 catalog,"owner classification, Feature Capsule, conformance, implementation disposition"
dynamical-physical-and-scientific-worlds-optical-world,optical world,"dynamical, physical, and scientific worlds",wave16-gap,world,catalog-only,V16 catalog,"owner classification, Feature Capsule, conformance, implementation disposition"
dynamical-physical-and-scientific-worlds-thermodynamic-world,thermodynamic world,"dynamical, physical, and scientific worlds",wave16-gap,world,catalog-only,V16 catalog,"owner classification, Feature Capsule, conformance, implementation disposition"
dynamical-physical-and-scientific-worlds-statistical-mechanics-world,statistical-mechanics world,"dynamical, physical, and scientific worlds",wave16-gap,world,catalog-only,V16 catalog,"owner classification, Feature Capsule, conformance, implementation disposition"
dynamical-physical-and-scientific-worlds-quantum-world,quantum world,"dynamical, physical, and scientific worlds",wave16-gap,world,catalog-only,V16 catalog,"owner classification, Feature Capsule, conformance, implementation disposition"
dynamical-physical-and-scientific-worlds-quantum-field-world,quantum-field world,"dynamical, physical, and scientific worlds",wave16-gap,world,catalog-only,V16 catalog,"owner classification, Feature Capsule, conformance, implementation disposition"
dynamical-physical-and-scientific-worlds-relativistic-world,relativistic world,"dynamical, physical, and scientific worlds",wave16-gap,world,catalog-only,V16 catalog,"owner classification, Feature Capsule, conformance, implementation disposition"
dynamical-physical-and-scientific-worlds-general-relativity-world,general-relativity world,"dynamical, physical, and scientific worlds",wave16-gap,world,catalog-only,V16 catalog,"owner classification, Feature Capsule, conformance, implementation disposition"
dynamical-physical-and-scientific-worlds-astrophysical-world,astrophysical world,"dynamical, physical, and scientific worlds",wave16-gap,world,catalog-only,V16 catalog,"owner classification, Feature Capsule, conformance, implementation disposition"
dynamical-physical-and-scientific-worlds-cosmological-world,cosmological world,"dynamical, physical, and scientific worlds",wave16-gap,world,catalog-only,V16 catalog,"owner classification, Feature Capsule, conformance, implementation disposition"
dynamical-physical-and-scientific-worlds-geophysical-world,geophysical world,"dynamical, physical, and scientific worlds",wave16-gap,world,catalog-only,V16 catalog,"owner classification, Feature Capsule, conformance, implementation disposition"
dynamical-physical-and-scientific-worlds-climate-world,climate world,"dynamical, physical, and scientific worlds",wave16-gap,world,catalog-only,V16 catalog,"owner classification, Feature Capsule, conformance, implementation disposition"
dynamical-physical-and-scientific-worlds-materials-world,materials world,"dynamical, physical, and scientific worlds",wave16-gap,world,catalog-only,V16 catalog,"owner classification, Feature Capsule, conformance, implementation disposition"
dynamical-physical-and-scientific-worlds-digital-twin-world,digital-twin world,"dynamical, physical, and scientific worlds",wave16-gap,world,catalog-only,V16 catalog,"owner classification, Feature Capsule, conformance, implementation disposition"
computational-and-solver-worlds-finite-state-world,finite-state world,computational and solver worlds,wave16-gap,world,catalog-only,V16 catalog,"owner classification, Feature Capsule, conformance, implementation disposition"
computational-and-solver-worlds-automata-world,automata world,computational and solver worlds,wave16-gap,world,catalog-only,V16 catalog,"owner classification, Feature Capsule, conformance, implementation disposition"
computational-and-solver-worlds-turing-machine-world,Turing-machine world,computational and solver worlds,wave16-gap,world,catalog-only,V16 catalog,"owner classification, Feature Capsule, conformance, implementation disposition"
computational-and-solver-worlds-lambda-calculus-world,lambda-calculus world,computational and solver worlds,wave16-gap,world,catalog-only,V16 catalog,"owner classification, Feature Capsule, conformance, implementation disposition"
computational-and-solver-worlds-term-rewriting-world,term-rewriting world,computational and solver worlds,wave16-gap,world,catalog-only,V16 catalog,"owner classification, Feature Capsule, conformance, implementation disposition"
computational-and-solver-worlds-e-graph-world,e-graph world,computational and solver worlds,wave16-gap,world,catalog-only,V16 catalog,"owner classification, Feature Capsule, conformance, implementation disposition"
computational-and-solver-worlds-sat-world,SAT world,computational and solver worlds,thread-derived,world,catalog-only,V16 catalog,"owner classification, Feature Capsule, conformance, implementation disposition"
computational-and-solver-worlds-smt-world,SMT world,computational and solver worlds,thread-derived,world,catalog-only,V16 catalog,"owner classification, Feature Capsule, conformance, implementation disposition"
computational-and-solver-worlds-constraint-programming-world,constraint-programming world,computational and solver worlds,wave16-gap,world,catalog-only,V16 catalog,"owner classification, Feature Capsule, conformance, implementation disposition"
computational-and-solver-worlds-exact-cover-world,exact-cover world,computational and solver worlds,wave16-gap,world,catalog-only,V16 catalog,"owner classification, Feature Capsule, conformance, implementation disposition"
computational-and-solver-worlds-integer-programming-world,integer-programming world,computational and solver worlds,wave16-gap,world,catalog-only,V16 catalog,"owner classification, Feature Capsule, conformance, implementation disposition"
computational-and-solver-worlds-linear-programming-world,linear-programming world,computational and solver worlds,wave16-gap,world,catalog-only,V16 catalog,"owner classification, Feature Capsule, conformance, implementation disposition"
computational-and-solver-worlds-nonlinear-programming-world,nonlinear-programming world,computational and solver worlds,wave16-gap,world,catalog-only,V16 catalog,"owner classification, Feature Capsule, conformance, implementation disposition"
computational-and-solver-worlds-abstract-interpretation-world,abstract-interpretation world,computational and solver worlds,wave16-gap,world,catalog-only,V16 catalog,"owner classification, Feature Capsule, conformance, implementation disposition"
computational-and-solver-worlds-symbolic-execution-world,symbolic-execution world,computational and solver worlds,wave16-gap,world,catalog-only,V16 catalog,"owner classification, Feature Capsule, conformance, implementation disposition"
computational-and-solver-worlds-probabilistic-program-world,probabilistic-program world,computational and solver worlds,wave16-gap,world,catalog-only,V16 catalog,"owner classification, Feature Capsule, conformance, implementation disposition"
computational-and-solver-worlds-differentiable-program-world,differentiable-program world,computational and solver worlds,wave16-gap,world,catalog-only,V16 catalog,"owner classification, Feature Capsule, conformance, implementation disposition"
computational-and-solver-worlds-distributed-system-world,distributed-system world,computational and solver worlds,wave16-gap,world,catalog-only,V16 catalog,"owner classification, Feature Capsule, conformance, implementation disposition"
computational-and-solver-worlds-concurrent-world,concurrent world,computational and solver worlds,wave16-gap,world,catalog-only,V16 catalog,"owner classification, Feature Capsule, conformance, implementation disposition"
computational-and-solver-worlds-real-time-world,real-time world,computational and solver worlds,wave16-gap,world,catalog-only,V16 catalog,"owner classification, Feature Capsule, conformance, implementation disposition"
computational-and-solver-worlds-resource-cost-world,resource-cost world,computational and solver worlds,wave16-gap,world,catalog-only,V16 catalog,"owner classification, Feature Capsule, conformance, implementation disposition"
computational-and-solver-worlds-hardware-world,hardware world,computational and solver worlds,wave16-gap,world,catalog-only,V16 catalog,"owner classification, Feature Capsule, conformance, implementation disposition"
computational-and-solver-worlds-wasm-world,WASM world,computational and solver worlds,wave16-gap,world,catalog-only,V16 catalog,"owner classification, Feature Capsule, conformance, implementation disposition"
computational-and-solver-worlds-rust-world,Rust world,computational and solver worlds,wave16-gap,world,catalog-only,V16 catalog,"owner classification, Feature Capsule, conformance, implementation disposition"
computational-and-solver-worlds-provider-world,provider world,computational and solver worlds,wave16-gap,world,catalog-only,V16 catalog,"owner classification, Feature Capsule, conformance, implementation disposition"
computational-and-solver-worlds-compiler-world,compiler world,computational and solver worlds,wave16-gap,world,catalog-only,V16 catalog,"owner classification, Feature Capsule, conformance, implementation disposition"
computational-and-solver-worlds-database-world,database world,computational and solver worlds,wave16-gap,world,catalog-only,V16 catalog,"owner classification, Feature Capsule, conformance, implementation disposition"
computational-and-solver-worlds-streaming-world,streaming world,computational and solver worlds,wave16-gap,world,catalog-only,V16 catalog,"owner classification, Feature Capsule, conformance, implementation disposition"
computational-and-solver-worlds-incremental-world,incremental world,computational and solver worlds,wave16-gap,world,catalog-only,V16 catalog,"owner classification, Feature Capsule, conformance, implementation disposition"
information-cryptology-and-puzzle-worlds-information-world,information world,"information, cryptology, and puzzle worlds",wave16-gap,world,catalog-only,V16 catalog,"owner classification, Feature Capsule, conformance, implementation disposition"
information-cryptology-and-puzzle-worlds-coding-and-noise-world,coding-and-noise world,"information, cryptology, and puzzle worlds",wave16-gap,world,catalog-only,V16 catalog,"owner classification, Feature Capsule, conformance, implementation disposition"
information-cryptology-and-puzzle-worlds-bitvector-world,BitVector world,"information, cryptology, and puzzle worlds",thread-derived,world,catalog-only,V16 catalog,"owner classification, Feature Capsule, conformance, implementation disposition"
information-cryptology-and-puzzle-worlds-bytestring-world,ByteString world,"information, cryptology, and puzzle worlds",thread-derived,world,catalog-only,V16 catalog,"owner classification, Feature Capsule, conformance, implementation disposition"
information-cryptology-and-puzzle-worlds-permutation-world,Permutation world,"information, cryptology, and puzzle worlds",thread-derived,world,catalog-only,V16 catalog,"owner classification, Feature Capsule, conformance, implementation disposition"
information-cryptology-and-puzzle-worlds-finitefield-world,FiniteField world,"information, cryptology, and puzzle worlds",thread-derived,world,catalog-only,V16 catalog,"owner classification, Feature Capsule, conformance, implementation disposition"
information-cryptology-and-puzzle-worlds-polynomialring-world,PolynomialRing world,"information, cryptology, and puzzle worlds",thread-derived,world,catalog-only,V16 catalog,"owner classification, Feature Capsule, conformance, implementation disposition"
information-cryptology-and-puzzle-worlds-ellipticcurve-world,EllipticCurve world,"information, cryptology, and puzzle worlds",thread-derived,world,catalog-only,V16 catalog,"owner classification, Feature Capsule, conformance, implementation disposition"
information-cryptology-and-puzzle-worlds-lattice-world,Lattice world,"information, cryptology, and puzzle worlds",thread-derived,world,catalog-only,V16 catalog,"owner classification, Feature Capsule, conformance, implementation disposition"
information-cryptology-and-puzzle-worlds-entropy-world,Entropy world,"information, cryptology, and puzzle worlds",thread-derived,world,catalog-only,V16 catalog,"owner classification, Feature Capsule, conformance, implementation disposition"
information-cryptology-and-puzzle-worlds-randomoracle-world,RandomOracle world,"information, cryptology, and puzzle worlds",thread-derived,world,catalog-only,V16 catalog,"owner classification, Feature Capsule, conformance, implementation disposition"
information-cryptology-and-puzzle-worlds-symbolicadversary-world,SymbolicAdversary world,"information, cryptology, and puzzle worlds",thread-derived,world,catalog-only,V16 catalog,"owner classification, Feature Capsule, conformance, implementation disposition"
information-cryptology-and-puzzle-worlds-concretecost-world,ConcreteCost world,"information, cryptology, and puzzle worlds",thread-derived,world,catalog-only,V16 catalog,"owner classification, Feature Capsule, conformance, implementation disposition"
information-cryptology-and-puzzle-worlds-sidechannel-world,SideChannel world,"information, cryptology, and puzzle worlds",thread-derived,world,catalog-only,V16 catalog,"owner classification, Feature Capsule, conformance, implementation disposition"
information-cryptology-and-puzzle-worlds-fault-world,Fault world,"information, cryptology, and puzzle worlds",thread-derived,world,catalog-only,V16 catalog,"owner classification, Feature Capsule, conformance, implementation disposition"
information-cryptology-and-puzzle-worlds-constraint-world,Constraint world,"information, cryptology, and puzzle worlds",thread-derived,world,catalog-only,V16 catalog,"owner classification, Feature Capsule, conformance, implementation disposition"
information-cryptology-and-puzzle-worlds-exactcover-world,ExactCover world,"information, cryptology, and puzzle worlds",thread-derived,world,catalog-only,V16 catalog,"owner classification, Feature Capsule, conformance, implementation disposition"
information-cryptology-and-puzzle-worlds-graphsearch-world,GraphSearch world,"information, cryptology, and puzzle worlds",thread-derived,world,catalog-only,V16 catalog,"owner classification, Feature Capsule, conformance, implementation disposition"
information-cryptology-and-puzzle-worlds-game-world,Game world,"information, cryptology, and puzzle worlds",thread-derived,world,catalog-only,V16 catalog,"owner classification, Feature Capsule, conformance, implementation disposition"
information-cryptology-and-puzzle-worlds-humansolver-world,HumanSolver world,"information, cryptology, and puzzle worlds",thread-derived,world,catalog-only,V16 catalog,"owner classification, Feature Capsule, conformance, implementation disposition"
information-cryptology-and-puzzle-worlds-cipher-world,Cipher world,"information, cryptology, and puzzle worlds",thread-derived,world,catalog-only,V16 catalog,"owner classification, Feature Capsule, conformance, implementation disposition"
information-cryptology-and-puzzle-worlds-cryptanalysis-world,Cryptanalysis world,"information, cryptology, and puzzle worlds",thread-derived,world,catalog-only,V16 catalog,"owner classification, Feature Capsule, conformance, implementation disposition"
information-cryptology-and-puzzle-worlds-protocol-world,Protocol world,"information, cryptology, and puzzle worlds",thread-derived,world,catalog-only,V16 catalog,"owner classification, Feature Capsule, conformance, implementation disposition"
information-cryptology-and-puzzle-worlds-secretsharing-world,SecretSharing world,"information, cryptology, and puzzle worlds",thread-derived,world,catalog-only,V16 catalog,"owner classification, Feature Capsule, conformance, implementation disposition"
information-cryptology-and-puzzle-worlds-commitment-world,Commitment world,"information, cryptology, and puzzle worlds",thread-derived,world,catalog-only,V16 catalog,"owner classification, Feature Capsule, conformance, implementation disposition"
information-cryptology-and-puzzle-worlds-zeroknowledge-world,ZeroKnowledge world,"information, cryptology, and puzzle worlds",thread-derived,world,catalog-only,V16 catalog,"owner classification, Feature Capsule, conformance, implementation disposition"
information-cryptology-and-puzzle-worlds-steganography-world,Steganography world,"information, cryptology, and puzzle worlds",thread-derived,world,catalog-only,V16 catalog,"owner classification, Feature Capsule, conformance, implementation disposition"
information-cryptology-and-puzzle-worlds-puzzle-world,Puzzle world,"information, cryptology, and puzzle worlds",thread-derived,world,catalog-only,V16 catalog,"owner classification, Feature Capsule, conformance, implementation disposition"
information-cryptology-and-puzzle-worlds-challenge-world,Challenge world,"information, cryptology, and puzzle worlds",thread-derived,world,catalog-only,V16 catalog,"owner classification, Feature Capsule, conformance, implementation disposition"
information-cryptology-and-puzzle-worlds-hiddenstate-world,HiddenState world,"information, cryptology, and puzzle worlds",thread-derived,world,catalog-only,V16 catalog,"owner classification, Feature Capsule, conformance, implementation disposition"
information-cryptology-and-puzzle-worlds-knowledgegeometry-world,KnowledgeGeometry world,"information, cryptology, and puzzle worlds",thread-derived,world,catalog-only,V16 catalog,"owner classification, Feature Capsule, conformance, implementation disposition"
information-cryptology-and-puzzle-worlds-accessgeometry-world,AccessGeometry world,"information, cryptology, and puzzle worlds",thread-derived,world,catalog-only,V16 catalog,"owner classification, Feature Capsule, conformance, implementation disposition"
social-economic-and-biological-worlds-game-theoretic-world,game-theoretic world,"social, economic, and biological worlds",wave16-gap,world,catalog-only,V16 catalog,"owner classification, Feature Capsule, conformance, implementation disposition"
social-economic-and-biological-worlds-market-world,market world,"social, economic, and biological worlds",wave16-gap,world,catalog-only,V16 catalog,"owner classification, Feature Capsule, conformance, implementation disposition"
social-economic-and-biological-worlds-mechanism-world,mechanism world,"social, economic, and biological worlds",wave16-gap,world,catalog-only,V16 catalog,"owner classification, Feature Capsule, conformance, implementation disposition"
social-economic-and-biological-worlds-social-choice-world,social-choice world,"social, economic, and biological worlds",wave16-gap,world,catalog-only,V16 catalog,"owner classification, Feature Capsule, conformance, implementation disposition"
social-economic-and-biological-worlds-economic-world,economic world,"social, economic, and biological worlds",wave16-gap,world,catalog-only,V16 catalog,"owner classification, Feature Capsule, conformance, implementation disposition"
social-economic-and-biological-worlds-financial-world,financial world,"social, economic, and biological worlds",wave16-gap,world,catalog-only,V16 catalog,"owner classification, Feature Capsule, conformance, implementation disposition"
social-economic-and-biological-worlds-actuarial-world,actuarial world,"social, economic, and biological worlds",wave16-gap,world,catalog-only,V16 catalog,"owner classification, Feature Capsule, conformance, implementation disposition"
social-economic-and-biological-worlds-decision-world,decision world,"social, economic, and biological worlds",wave16-gap,world,catalog-only,V16 catalog,"owner classification, Feature Capsule, conformance, implementation disposition"
social-economic-and-biological-worlds-behavioral-world,behavioral world,"social, economic, and biological worlds",wave16-gap,world,catalog-only,V16 catalog,"owner classification, Feature Capsule, conformance, implementation disposition"
social-economic-and-biological-worlds-network-social-world,network-social world,"social, economic, and biological worlds",wave16-gap,world,catalog-only,V16 catalog,"owner classification, Feature Capsule, conformance, implementation disposition"
social-economic-and-biological-worlds-demographic-world,demographic world,"social, economic, and biological worlds",wave16-gap,world,catalog-only,V16 catalog,"owner classification, Feature Capsule, conformance, implementation disposition"
social-economic-and-biological-worlds-evolutionary-world,evolutionary world,"social, economic, and biological worlds",wave16-gap,world,catalog-only,V16 catalog,"owner classification, Feature Capsule, conformance, implementation disposition"
social-economic-and-biological-worlds-ecosystem-world,ecosystem world,"social, economic, and biological worlds",wave16-gap,world,catalog-only,V16 catalog,"owner classification, Feature Capsule, conformance, implementation disposition"
social-economic-and-biological-worlds-public-health-world,public-health world,"social, economic, and biological worlds",wave16-gap,world,catalog-only,V16 catalog,"owner classification, Feature Capsule, conformance, implementation disposition"
meta-cross-world-and-evidence-worlds-meta-world,meta-world,"meta, cross-world, and evidence worlds",thread-derived,world,catalog-only,V16 catalog,"owner classification, Feature Capsule, conformance, implementation disposition"
meta-cross-world-and-evidence-worlds-world-superposition,world-superposition,"meta, cross-world, and evidence worlds",thread-derived,world,catalog-only,V16 catalog,"owner classification, Feature Capsule, conformance, implementation disposition"
meta-cross-world-and-evidence-worlds-world-quotient,world-quotient,"meta, cross-world, and evidence worlds",thread-derived,world,catalog-only,V16 catalog,"owner classification, Feature Capsule, conformance, implementation disposition"
meta-cross-world-and-evidence-worlds-world-bridge,world-bridge,"meta, cross-world, and evidence worlds",thread-derived,world,catalog-only,V16 catalog,"owner classification, Feature Capsule, conformance, implementation disposition"
meta-cross-world-and-evidence-worlds-cross-world-translation,cross-world translation,"meta, cross-world, and evidence worlds",thread-derived,world,catalog-only,V16 catalog,"owner classification, Feature Capsule, conformance, implementation disposition"
meta-cross-world-and-evidence-worlds-counterfactual-world,counterfactual world,"meta, cross-world, and evidence worlds",thread-derived,world,catalog-only,V16 catalog,"owner classification, Feature Capsule, conformance, implementation disposition"
meta-cross-world-and-evidence-worlds-proof-carrying-world,proof-carrying world,"meta, cross-world, and evidence worlds",thread-derived,world,catalog-only,V16 catalog,"owner classification, Feature Capsule, conformance, implementation disposition"
meta-cross-world-and-evidence-worlds-evidence-stratified-world,evidence-stratified world,"meta, cross-world, and evidence worlds",wave16-gap,world,catalog-only,V16 catalog,"owner classification, Feature Capsule, conformance, implementation disposition"
meta-cross-world-and-evidence-worlds-world-distilled-world,world-distilled world,"meta, cross-world, and evidence worlds",thread-derived,world,catalog-only,V16 catalog,"owner classification, Feature Capsule, conformance, implementation disposition"
meta-cross-world-and-evidence-worlds-semantic-jit-world,Semantic-JIT world,"meta, cross-world, and evidence worlds",thread-derived,world,catalog-only,V16 catalog,"owner classification, Feature Capsule, conformance, implementation disposition"
meta-cross-world-and-evidence-worlds-delayed-commitment-world,delayed-commitment world,"meta, cross-world, and evidence worlds",thread-derived,world,catalog-only,V16 catalog,"owner classification, Feature Capsule, conformance, implementation disposition"
meta-cross-world-and-evidence-worlds-multiworld-product,multiworld product,"meta, cross-world, and evidence worlds",wave16-gap,world,catalog-only,V16 catalog,"owner classification, Feature Capsule, conformance, implementation disposition"
meta-cross-world-and-evidence-worlds-multiworld-sum,multiworld sum,"meta, cross-world, and evidence worlds",wave16-gap,world,catalog-only,V16 catalog,"owner classification, Feature Capsule, conformance, implementation disposition"
meta-cross-world-and-evidence-worlds-portfolio-pareto-world,portfolio Pareto world,"meta, cross-world, and evidence worlds",wave16-gap,world,catalog-only,V16 catalog,"owner classification, Feature Capsule, conformance, implementation disposition"
meta-cross-world-and-evidence-worlds-approximation-tower-world,approximation-tower world,"meta, cross-world, and evidence worlds",wave16-gap,world,catalog-only,V16 catalog,"owner classification, Feature Capsule, conformance, implementation disposition"
meta-cross-world-and-evidence-worlds-regime-transition-world,regime-transition world,"meta, cross-world, and evidence worlds",wave16-gap,world,catalog-only,V16 catalog,"owner classification, Feature Capsule, conformance, implementation disposition"
meta-cross-world-and-evidence-worlds-assumption-lattice-world,assumption-lattice world,"meta, cross-world, and evidence worlds",wave16-gap,world,catalog-only,V16 catalog,"owner classification, Feature Capsule, conformance, implementation disposition"
meta-cross-world-and-evidence-worlds-failure-surface-world,failure-surface world,"meta, cross-world, and evidence worlds",wave16-gap,world,catalog-only,V16 catalog,"owner classification, Feature Capsule, conformance, implementation disposition"
meta-cross-world-and-evidence-worlds-counterexample-world,counterexample world,"meta, cross-world, and evidence worlds",wave16-gap,world,catalog-only,V16 catalog,"owner classification, Feature Capsule, conformance, implementation disposition"
meta-cross-world-and-evidence-worlds-conservation-world,conservation world,"meta, cross-world, and evidence worlds",wave16-gap,world,catalog-only,V16 catalog,"owner classification, Feature Capsule, conformance, implementation disposition"
meta-cross-world-and-evidence-worlds-symmetry-quotient-world,symmetry-quotient world,"meta, cross-world, and evidence worlds",wave16-gap,world,catalog-only,V16 catalog,"owner classification, Feature Capsule, conformance, implementation disposition"
meta-cross-world-and-evidence-worlds-scale-transition-world,scale-transition world,"meta, cross-world, and evidence worlds",wave16-gap,world,catalog-only,V16 catalog,"owner classification, Feature Capsule, conformance, implementation disposition"
meta-cross-world-and-evidence-worlds-finite-to-infinite-world,finite-to-infinite world,"meta, cross-world, and evidence worlds",wave16-gap,world,catalog-only,V16 catalog,"owner classification, Feature Capsule, conformance, implementation disposition"
meta-cross-world-and-evidence-worlds-discrete-to-continuous-world,discrete-to-continuous world,"meta, cross-world, and evidence worlds",wave16-gap,world,catalog-only,V16 catalog,"owner classification, Feature Capsule, conformance, implementation disposition"
meta-cross-world-and-evidence-worlds-symbolic-numeric-bridge-world,symbolic-numeric bridge world,"meta, cross-world, and evidence worlds",wave16-gap,world,catalog-only,V16 catalog,"owner classification, Feature Capsule, conformance, implementation disposition"
meta-cross-world-and-evidence-worlds-primal-dual-world,primal-dual world,"meta, cross-world, and evidence worlds",wave16-gap,world,catalog-only,V16 catalog,"owner classification, Feature Capsule, conformance, implementation disposition"
meta-cross-world-and-evidence-worlds-causal-intervention-world,causal-intervention world,"meta, cross-world, and evidence worlds",wave16-gap,world,catalog-only,V16 catalog,"owner classification, Feature Capsule, conformance, implementation disposition"
meta-cross-world-and-evidence-worlds-adversarial-resilience-world,adversarial-resilience world,"meta, cross-world, and evidence worlds",wave16-gap,world,catalog-only,V16 catalog,"owner classification, Feature Capsule, conformance, implementation disposition"
meta-cross-world-and-evidence-worlds-multi-fidelity-world,multi-fidelity world,"meta, cross-world, and evidence worlds",wave16-gap,world,catalog-only,V16 catalog,"owner classification, Feature Capsule, conformance, implementation disposition"
meta-cross-world-and-evidence-worlds-surrogate-certified-world,surrogate-certified world,"meta, cross-world, and evidence worlds",wave16-gap,world,catalog-only,V16 catalog,"owner classification, Feature Capsule, conformance, implementation disposition"
meta-cross-world-and-evidence-worlds-pedagogy-world,pedagogy world,"meta, cross-world, and evidence worlds",wave16-gap,world,catalog-only,V16 catalog,"owner classification, Feature Capsule, conformance, implementation disposition"
meta-cross-world-and-evidence-worlds-historical-notation-world,historical-notation world,"meta, cross-world, and evidence worlds",wave16-gap,world,catalog-only,V16 catalog,"owner classification, Feature Capsule, conformance, implementation disposition"
meta-cross-world-and-evidence-worlds-cross-foundation-world,cross-foundation world,"meta, cross-world, and evidence worlds",wave16-gap,world,catalog-only,V16 catalog,"owner classification, Feature Capsule, conformance, implementation disposition"
meta-cross-world-and-evidence-worlds-open-problem-campaign-world,open-problem campaign world,"meta, cross-world, and evidence worlds",wave16-gap,world,catalog-only,V16 catalog,"owner classification, Feature Capsule, conformance, implementation disposition"
